RunNumber,Date,Temperature,Noise Form,Frequency,Amplitude,LV Power,Hybrid 0,Hybrid 1,Hybrid 2,Hybrid 3,Hybrid 4,Hybrid 5
CO2 Plant still detached,driving only ground wire from Module 1,other cable has ferrite,,,,,,,,,,
696,03/25/2025,WARM,Sine,2,1.2,11.5,,,3.127,3.054,2.922,2.860
697,03/25/2025,WARM,Sine,3,1.2,11.5,,,5.935,5.801,3.380,3.358
698,03/25/2025,WARM,Sine,4,1.2,11.5,,,15.092,14.926,6.043,6.018
699,03/25/2025,WARM,Sine,5,1.2,11.5,,,11.121,11.022,4.448,4.383
700,03/25/2025,WARM,Sine,6,1.2,11.5,,,7.421,7.382,3.576,3.590
701,03/25/2025,WARM,Sine,7,1.2,11.5,,,6.006,5.955,3.735,3.682
702,03/25/2025,WARM,Sine,8,1.2,11.5,,,5.294,5.252,3.559,3.501
703,03/25/2025,WARM,Sine,8.5,1.2,11.5,,,4.273,4.230,3.298,3.209
704,03/25/2025,WARM,Sine,9.0,1.2,11.5,,,3.380,3.321,2.985,2.961
706,03/25/2025,WARM,Sine,9.5,1.2,11.5,,,2.982,2.923,2.855,2.829
707,03/25/2025,WARM,Sine,10.0,1.2,11.5,,,4.368,4.406,3.527,3.480
709,03/25/2025,WARM,Sine,10.5,1.2,11.5,,,8.320,8.468,5.746,5.687
710,03/25/2025,WARM,Sine,11.0,1.2,11.5,,,13.107,13.308,7.988,8.039
711,03/25/2025,WARM,Sine,11.5,1.2,11.5,,,12.299,12.513,7.124,7.170
713,03/25/2025,WARM,Sine,12.0,1.2,11.5,,,9.056,9.207,5.673,5.710
CO2 Plant still detached,driving only LV from Module 1,other cable has ferrite,,,,,,,,,,
715,03/25/2025,WARM,Sine,2.0,1.2,11.5,,,3.123,3.037,2.948,2.906
716,03/25/2025,WARM,Sine,3.0,1.2,11.5,,,5.814,5.689,3.355,3.325
717,03/25/2025,WARM,Sine,4.0,1.2,11.5,,,14.809,14.593,5.880,5.895
CO2 plant still reattached,driving only Module 1,cable replaced with newer cable A no ferrite,other cable has ferrite,,,,,,,,,
718,03/25/2025,WARM,Sine,0.0,1.2,11.5,,,3.033,2.964,2.862,2.843
720,03/25/2025,WARM,Sine,2.0,1.2,11.5,,,5.413,5.295,2.870,2.880
721,03/25/2025,WARM,Sine,3.0,1.2,11.5,,,8.619,8.498,2.949,2.906
723,03/25/2025,WARM,Sine,4.0,1.2,11.5,,,7.256,7.233,3.066,3.013
724,03/25/2025,WARM,Sine,5.0,1.2,11.5,,,6.048,6.014,3.164,3.062
726,03/25/2025,WARM,Sine,6.0,1.2,11.5,,,5.055,5.000,3.250,3.183
727,03/25/2025,WARM,Sine,7.0,1.2,11.5,,,4.864,4.816,3.214,3.187
728,03/25/2025,WARM,Sine,8.0,1.2,11.5,,,4.462,4.417,3.007,2.970
729,03/25/2025,WARM,Sine,8.5,1.2,11.5,,,4.011,3.915,2.903,2.857
730,03/25/2025,WARM,Sine,9.0,1.2,11.5,,,6.473,6.468,3.146,3.130
731,03/25/2025,WARM,Sine,9.5,1.2,11.5,,,8.651,8.726,3.152,3.114
732,03/25/2025,WARM,Sine,10.0,1.2,11.5,,,9.107,9.242,3.667,3.606
734,03/25/2025,WARM,Sine,10.5,1.2,11.5,,,7.134,7.271,4.255,4.266
736,03/25/2025,WARM,Sine,11.0,1.2,11.5,,,6.176,6.331,4.903,4.921
737,03/25/2025,WARM,Sine,12.0,1.2,11.5,,,6.375,6.562,3.896,3.880
738,03/25/2025,WARM,Sine,11.5,1.2,11.5,,,6.913,7.148,5.075,5.069
741,03/25/2025,WARM,Sine,0.0,1.2,11.5,,,2.999,2.877,2.866,2.850
742,03/25/2025,WARM,Sine,0.0,1.2,11.5,,,2.970,2.901,2.880,2.854
744,03/25/2025,WARM,Sine,0.0,1.2,11.5,,,2.904,2.819,2.872,2.826
749,03/25/2025,WARM,Sine,2.0,1.2,11.5,,,7.909,7.800,3.033,2.928
750,03/25/2025,WARM,Sine,3.0,1.2,11.5,,,13.783,13.556,3.051,3.040
751,03/25/2025,WARM,Sine,4.0,1.2,11.5,,,10.689,10.583,3.025,3.034
752,03/25/2025,WARM,Sine,5.0,1.2,11.5,,,10.572,10.502,3.772,3.758
753,03/25/2025,WARM,Sine,6.0,1.2,11.5,,,8.379,8.365,4.173,4.186
754,03/25/2025,WARM,Sine,7.0,1.2,11.5,,,7.893,7.878,4.258,4.185
755,03/25/2025,WARM,Sine,8.0,1.2,11.5,,,7.107,7.097,3.386,3.355
756,03/25/2025,WARM,Sine,8.5,1.2,11.5,,,5.477,5.508,2.998,2.925
757,03/25/2025,WARM,Sine,9.0,1.2,11.5,,,9.791,9.863,3.861,3.858
758,03/25/2025,WARM,Sine,9.5,1.2,11.5,,,15.047,15.282,4.408,4.380
759,03/25/2025,WARM,Sine,10.0,1.2,11.5,,,15.076,15.385,5.192,5.152
760,03/25/2025,WARM,Sine,10.5,1.2,11.5,,,11.561,11.952,6.762,6.736
761,03/25/2025,WARM,Sine,11.0,1.2,11.5,,,9.495,9.908,8.176,8.221
762,03/25/2025,WARM,Sine,11.5,1.2,11.5,,,11.140,11.582,8.499,8.588
763,03/25/2025,WARM,Sine,12.0,1.2,11.5,,,10.686,11.053,6.108,6.225
CO2 plant grounded to patch panel driving only Module 1 free cables no ferrites,,,,,,,,,,,,
766,03/27/2025,WARM,Sine,0.0,1.2,11.5,,,2.824,2.732,2.866,2.824
767,03/27/2025,WARM,Sine,2.0,1.2,11.5,,,15.591,15.293,9.073,9.090
768,03/27/2025,WARM,Sine,2.5,1.2,11.5,,,18.386,18.094,10.808,10.738
769,03/27/2025,WARM,Sine,3.0,1.2,11.5,,,18.880,19.140,11.516,11.033
770,03/27/2025,WARM,Sine,3.5,1.2,11.5,,,18.053,18.691,12.050,11.994
771,03/27/2025,WARM,Sine,4.0,1.2,11.5,,,18.594,18.985,12.025,12.014
772,03/27/2025,WARM,Sine,4.5,1.2,11.5,,,18.545,18.982,12.383,12.354
773,03/27/2025,WARM,Sine,5.0,1.2,11.5,,,18.825,19.033,12.261,12.272
774,03/27/2025,WARM,Sine,5.5,1.2,11.5,,,18.523,18.504,11.697,11.657
775,03/27/2025,WARM,Sine,6.0,1.2,11.5,,,17.707,17.652,11.068,11.060
776,03/27/2025,WARM,Sine,7.0,1.2,11.5,,,15.082,15.034,10.269,10.198
777,03/27/2025,WARM,Sine,8.0,1.2,11.5,,,12.775,12.817,8.730,8.745
778,03/27/2025,WARM,Sine,8.5,1.2,11.5,,,10.869,10.869,8.683,8.688
779,03/27/2025,WARM,Sine,9.0,1.2,11.5,,,10.108,10.098,7.042,7.039
780,03/27/2025,WARM,Sine,9.5,1.2,11.5,,,10.039,10.127,5.438,5.463
781,03/27/2025,WARM,Sine,10.0,1.2,11.5,,,13.720,13.884,7.637,7.639
782,03/27/2025,WARM,Sine,10.5,1.2,11.5,,,12.066,12.234,7.307,7.250
783,03/27/2025,WARM,Sine,11.0,1.2,11.5,,,10.203,10.372,7.016,6.989
784,03/27/2025,WARM,Sine,11.5,1.2,11.5,,,8.834,9.036,6.591,6.552
785,03/27/2025,WARM,Sine,12.0,1.2,11.5,,,7.883,8.123,4.414,4.386
Removed ground braid; driving only Module 1; channel to ground jumpers still on; new cables no ferrites,,,,,,,,,,,,
786,03/27/2025,WARM,Sine,0.0,1.2,11.5,,,2.923,2.868,2.940,2.935
787,03/27/2025,WARM,Sine,2.0,1.2,11.5,,,14.454,14.143,11.134,11.088
788,03/27/2025,WARM,Sine,2.5,1.2,11.5,,,17.188,16.784,12.945,12.871
789,03/27/2025,WARM,Sine,3.0,1.2,11.5,,,18.925,18.865,12.537,12.337
790,03/27/2025,WARM,Sine,3.5,1.2,11.5,,,18.971,19.135,13.558,13.577
791,03/27/2025,WARM,Sine,4.0,1.2,11.5,,,19.003,19.053,13.859,13.886
792,03/27/2025,WARM,Sine,4.5,1.2,11.5,,,18.821,18.791,14.635,14.650
793,03/27/2025,WARM,Sine,5.0,1.2,11.5,,,18.048,17.883,14.181,14.258
794,03/27/2025,WARM,Sine,5.5,1.2,11.5,,,17.890,17.680,12.759,12.734
795,03/27/2025,WARM,Sine,6.0,1.2,11.5,,,17.013,16.795,12.020,12.060
796,03/27/2025,WARM,Sine,7.0,1.2,11.5,,,14.420,14.279,10.986,10.997
797,03/27/2025,WARM,Sine,8.0,1.2,11.5,,,12.437,12.434,9.422,9.420
798,03/27/2025,WARM,Sine,8.5,1.2,11.5,,,10.751,10.741,9.424,9.388
799,03/27/2025,WARM,Sine,9.0,1.2,11.5,,,10.988,11.010,6.809,6.858
800,03/27/2025,WARM,Sine,9.5,1.2,11.5,,,11.218,11.265,4.733,4.715
801,03/27/2025,WARM,Sine,10.0,1.2,11.5,,,14.249,14.460,7.200,7.180
802,03/27/2025,WARM,Sine,10.5,1.2,11.5,,,12.407,12.576,7.317,7.359
803,03/27/2025,WARM,Sine,11.0,1.2,11.5,,,10.393,10.582,7.062,7.037
804,03/27/2025,WARM,Sine,11.5,1.2,11.5,,,8.967,9.208,6.641,6.572
805,03/27/2025,WARM,Sine,12.0,1.2,11.5,,,9.229,9.501,4.829,4.797
jumpers removed; no ground braid; new cables no ferrites,,,,,,,,,,,,
806,03/27/2025,WARM,Sine,0.0,1.2,11.5,,,2.829,2.752,2.979,2.903
807,03/27/2025,WARM,Sine,2.0,1.2,11.5,,,13.249,12.905,10.267,10.307
808,03/27/2025,WARM,Sine,2.5,1.2,11.5,,,15.145,14.834,11.095,11.075
809,03/27/2025,WARM,Sine,3.0,1.2,11.5,,,17.126,16.777,9.920,9.863
810,03/27/2025,WARM,Sine,3.5,1.2,11.5,,,16.965,16.634,9.950,9.935
811,03/27/2025,WARM,Sine,4.0,1.2,11.5,,,16.723,16.435,10.044,10.050
812,03/27/2025,WARM,Sine,4.5,1.2,11.5,,,16.707,16.441,10.625,10.633
813,03/27/2025,WARM,Sine,5.0,1.2,11.5,,,15.414,15.217,10.129,10.173
814,03/27/2025,WARM,Sine,5.5,1.2,11.5,,,13.820,13.646,9.556,9.547
815,03/27/2025,WARM,Sine,6.0,1.2,11.5,,,12.225,12.120,8.821,8.764
816,03/27/2025,WARM,Sine,7.0,1.2,11.5,,,8.432,8.335,7.136,7.131
817,03/27/2025,WARM,Sine,8.0,1.2,11.5,,,5.779,5.737,4.148,4.056
818,03/27/2025,WARM,Sine,8.5,1.2,11.5,,,5.589,5.661,2.916,2.920
819,03/27/2025,WARM,Sine,9.0,1.2,11.5,,,12.265,12.357,6.708,6.763
821,03/27/2025,WARM,Sine,10.0,1.2,11.5,,,17.845,17.530,12.388,12.435
822,03/27/2025,WARM,Sine,10.5,1.2,11.5,,,16.547,16.727,11.922,12.093
823,03/27/2025,WARM,Sine,11.0,1.2,11.5,,,13.162,13.431,10.415,10.476
824,03/27/2025,WARM,Sine,11.5,1.2,11.5,,,11.005,11.247,9.080,9.108
825,03/27/2025,WARM,Sine,12.0,1.2,11.5,,,10.469,10.741,6.937,6.946
testing autodescription,pyrange[119:122],,,,,,,,,,,
828,03/27/2025,WARM,Sine,0.0,1.2,11.5,,,2.835,2.773,2.894,2.893
829,03/27/2025,WARM,Sine,2.0,1.2,11.5,,,13.053,12.777,10.210,10.306
830,03/27/2025,WARM,Sine,2.5,1.2,11.5,,,15.030,14.706,10.913,10.949
testing autodescription,pyrange[122:124],,,,,,,,,,,
831,03/27/2025,WARM,Sine,0.0,1.2,11.5,,,2.852,2.757,2.930,2.938
832,03/27/2025,WARM,Sine,2.0,1.2,11.5,,,13.099,12.786,10.241,10.160
833,03/27/2025,WARM,Sine,2.5,1.2,11.5,,,14.984,14.652,10.903,10.918
testing autodescription,pyrange[126:129],,,,,,,,,,,
834,03/27/2025,WARM,Sine,0.0,1.2,11.5,,,2.956,2.875,3.001,2.941
835,03/27/2025,WARM,Sine,2.0,1.2,11.5,,,13.053,12.726,10.177,10.293
836,03/27/2025,WARM,Sine,2.5,1.2,11.5,,,14.959,14.647,10.994,11.026
testing autoplot,pyrange[130:133],,,,,,,,,,,
837,03/27/2025,WARM,Sine,0.0,1.2,11.5,,,2.884,2.765,2.900,2.933
838,03/27/2025,WARM,Sine,2.0,1.2,11.5,,,13.102,12.810,10.174,10.259
839,03/27/2025,WARM,Sine,2.5,1.2,11.5,,,15.074,14.715,10.993,11.022
Cable 1 driven; Cable 2 replaced with ferrited groundwire cable,pyrange[134:137],,,,,,,,,,,
840,03/28/2025,WARM,Sine,0.0,1.2,11.5,,,2.832,2.785,2.898,2.832
841,03/28/2025,WARM,Sine,2.0,1.2,11.5,,,7.687,7.564,5.619,5.618
842,03/28/2025,WARM,Sine,2.5,1.2,11.5,,,8.172,8.014,5.669,5.676
Cable 1 driven; Cable 2 replaced with ferrited groundwire cable,pyrange[138:158],,,,,,,,,,,
843,03/28/2025,WARM,Sine,0.0,1.2,11.5,,,2.826,2.762,2.858,2.830
844,03/28/2025,WARM,Sine,2.0,1.2,11.5,,,7.679,7.553,5.690,5.624
845,03/28/2025,WARM,Sine,2.5,1.2,11.5,,,8.105,7.938,5.719,5.669
846,03/28/2025,WARM,Sine,3.0,1.2,11.5,,,8.887,8.750,5.034,4.785
847,03/28/2025,WARM,Sine,3.5,1.2,11.5,,,8.295,8.229,4.528,4.500
848,03/28/2025,WARM,Sine,4.0,1.2,11.5,,,8.462,8.384,4.691,4.680
849,03/28/2025,WARM,Sine,4.5,1.2,11.5,,,8.323,8.228,4.908,4.833
850,03/28/2025,WARM,Sine,5.0,1.2,11.5,,,7.340,7.239,4.668,4.648
851,03/28/2025,WARM,Sine,5.5,1.2,11.5,,,6.678,6.585,4.395,4.352
852,03/28/2025,WARM,Sine,6.0,1.2,11.5,,,5.976,5.872,4.065,4.075
853,03/28/2025,WARM,Sine,7.0,1.2,11.5,,,4.436,4.355,3.816,3.803
854,03/28/2025,WARM,Sine,8.0,1.2,11.5,,,3.817,3.766,3.057,3.036
855,03/28/2025,WARM,Sine,8.5,1.2,11.5,,,3.858,3.834,2.947,2.908
856,03/28/2025,WARM,Sine,9.0,1.2,11.5,,,7.484,7.526,4.473,4.458
857,03/28/2025,WARM,Sine,9.5,1.2,11.5,,,12.338,12.429,8.001,8.008
858,03/28/2025,WARM,Sine,10.0,1.2,11.5,,,10.058,10.145,5.899,5.916
859,03/28/2025,WARM,Sine,10.5,1.2,11.5,,,7.806,7.907,5.121,5.109
860,03/28/2025,WARM,Sine,11.0,1.2,11.5,,,6.421,6.494,4.638,4.627
861,03/28/2025,WARM,Sine,11.5,1.2,11.5,,,5.736,5.810,4.261,4.239
862,03/28/2025,WARM,Sine,12.0,1.2,11.5,,,5.677,5.777,3.616,3.599
Cable 1 driven; Cable 2 replaced with ferrited groundwire cable; jumpers on ground to CO2 with ferrite on braid,pyrange[159:179],,,,,,,,,,,
863,04/04/2025,WARM,Sine,0.0,1.2,11.5,,,2.828,2.759,2.958,2.904
864,04/04/2025,WARM,Sine,2.0,1.2,11.5,,,11.778,11.505,12.156,12.136
865,04/04/2025,WARM,Sine,2.5,1.2,11.5,,,13.263,12.990,14.503,14.475
866,04/04/2025,WARM,Sine,3.0,1.2,11.5,,,13.753,13.488,15.782,15.588
867,04/04/2025,WARM,Sine,3.5,1.2,11.5,,,12.539,12.325,16.100,16.072
868,04/04/2025,WARM,Sine,4.0,1.2,11.5,,,11.235,11.037,15.951,15.921
869,04/04/2025,WARM,Sine,4.5,1.2,11.5,,,10.262,10.090,16.830,16.719
870,04/04/2025,WARM,Sine,5.0,1.2,11.5,,,8.717,8.493,15.509,15.481
871,04/04/2025,WARM,Sine,5.5,1.2,11.5,,,8.947,8.703,14.046,14.065
872,04/04/2025,WARM,Sine,6.0,1.2,11.5,,,12.035,11.813,12.638,12.576
873,04/04/2025,WARM,Sine,7.0,1.2,11.5,,,15.630,15.428,7.543,7.619
874,04/04/2025,WARM,Sine,8.0,1.2,11.5,,,13.655,13.619,6.802,6.813
875,04/04/2025,WARM,Sine,8.5,1.2,11.5,,,11.302,11.269,7.729,7.752
876,04/04/2025,WARM,Sine,9.0,1.2,11.5,,,10.846,10.925,8.444,8.489
877,04/04/2025,WARM,Sine,9.5,1.2,11.5,,,9.750,9.806,8.373,8.493
878,04/04/2025,WARM,Sine,10.0,1.2,11.5,,,11.089,11.221,9.764,9.814
879,04/04/2025,WARM,Sine,10.5,1.2,11.5,,,8.228,8.314,9.466,9.501
880,04/04/2025,WARM,Sine,11.0,1.2,11.5,,,8.521,8.639,8.894,8.885
881,04/04/2025,WARM,Sine,11.5,1.2,11.5,,,11.407,11.572,6.634,6.588
882,04/04/2025,WARM,Sine,12.0,1.2,11.5,,,10.984,11.253,4.952,4.929
Cable 1: driven GND wire only; Cable 2: 9 turns through good ferrite,pyrange[180:200],,,,,,,,,,,
884,04/07/2025,WARM,Sine,0.0,1.2,11.5,,,2.843,2.771,2.925,2.907
885,04/07/2025,WARM,Sine,2.0,1.2,11.5,,,2.812,2.724,2.954,2.948
886,04/07/2025,WARM,Sine,2.5,1.2,11.5,,,2.973,2.881,3.058,2.995
887,04/07/2025,WARM,Sine,3.0,1.2,11.5,,,3.513,3.442,2.989,2.993
888,04/07/2025,WARM,Sine,3.5,1.2,11.5,,,4.935,4.857,3.092,3.021
889,04/07/2025,WARM,Sine,4.0,1.2,11.5,,,7.377,7.283,3.395,3.353
890,04/07/2025,WARM,Sine,4.5,1.2,11.5,,,7.694,7.633,3.498,3.476
891,04/07/2025,WARM,Sine,5.0,1.2,11.5,,,7.788,7.683,3.402,3.337
892,04/07/2025,WARM,Sine,6.0,1.2,11.5,,,12.626,12.497,3.897,3.898
893,04/07/2025,WARM,Sine,7.0,1.2,11.5,,,9.840,9.750,3.667,3.630
894,04/07/2025,WARM,Sine,8.0,1.2,11.5,,,10.075,10.052,3.542,3.539
895,04/07/2025,WARM,Sine,8.5,1.2,11.5,,,14.071,14.081,3.701,3.628
896,04/07/2025,WARM,Sine,9.0,1.2,11.5,,,14.202,14.258,3.348,3.277
897,04/07/2025,WARM,Sine,9.5,1.2,11.5,,,8.876,8.911,3.210,3.113
898,04/07/2025,WARM,Sine,10.0,1.2,11.5,,,4.495,4.478,3.119,3.033
899,04/07/2025,WARM,Sine,10.5,1.2,11.5,,,6.777,6.877,4.073,3.988
900,04/07/2025,WARM,Sine,11.0,1.2,11.5,,,9.131,9.298,4.661,4.585
901,04/07/2025,WARM,Sine,11.5,1.2,11.5,,,8.129,8.266,3.969,3.914
902,04/07/2025,WARM,Sine,12.0,1.2,11.5,,,7.090,7.116,3.701,3.657
903,04/07/2025,WARM,Sine,13.0,1.2,11.5,,,5.730,5.802,3.552,3.536
1p2 volts Driving 1; ferrite on 2,pyrange[202:222],,,,,,,,,,,
909,04/16/2025,WARM,Sine,0.0,1.2,11.5,,,2.838,2.761,2.927,2.920
910,04/16/2025,WARM,Sine,2.0,1.2,11.5,,,2.833,2.733,3.122,3.047
911,04/16/2025,WARM,Sine,2.5,1.2,11.5,,,2.760,2.673,3.037,3.002
912,04/16/2025,WARM,Sine,3.0,1.2,11.5,,,2.763,2.672,2.956,2.992
913,04/16/2025,WARM,Sine,3.5,1.2,11.5,,,2.785,2.684,3.065,3.018
914,04/16/2025,WARM,Sine,4.0,1.2,11.5,,,2.782,2.692,3.131,3.086
915,04/16/2025,WARM,Sine,4.5,1.2,11.5,,,2.814,2.709,3.355,3.307
916,04/16/2025,WARM,Sine,5.0,1.2,11.5,,,2.846,2.731,3.506,3.423
917,04/16/2025,WARM,Sine,6.0,1.2,11.5,,,2.852,2.728,3.574,3.438
918,04/16/2025,WARM,Sine,7.0,1.2,11.5,,,2.866,2.730,3.235,3.219
919,04/16/2025,WARM,Sine,8.0,1.2,11.5,,,2.790,2.689,3.015,2.962
920,04/16/2025,WARM,Sine,8.5,1.2,11.5,,,2.781,2.682,2.925,2.893
921,04/16/2025,WARM,Sine,9.0,1.2,11.5,,,2.794,2.671,3.044,2.966
922,04/16/2025,WARM,Sine,9.5,1.2,11.5,,,2.825,2.710,3.326,3.343
923,04/16/2025,WARM,Sine,10.0,1.2,11.5,,,2.824,2.726,4.045,3.989
924,04/16/2025,WARM,Sine,10.5,1.2,11.5,,,2.943,2.820,5.279,5.291
925,04/16/2025,WARM,Sine,11.0,1.2,11.5,,,2.945,2.840,5.418,5.429
926,04/16/2025,WARM,Sine,11.5,1.2,11.5,,,2.884,2.763,4.151,4.166
927,04/16/2025,WARM,Sine,12.0,1.2,11.5,,,2.831,2.751,3.903,3.932
928,04/16/2025,WARM,Sine,13.0,1.2,11.5,,,2.906,2.788,3.362,3.332
,pyrange[222:242],,,,,,,,,,,
929,04/16/2025,WARM,Sine,0.0,1.2,11.5,,,2.744,2.665,2.887,2.835
930,04/16/2025,WARM,Sine,2.0,1.2,11.5,,,2.767,2.663,5.571,5.596
931,04/16/2025,WARM,Sine,2.5,1.2,11.5,,,2.757,2.667,5.890,5.906
932,04/16/2025,WARM,Sine,3.0,1.2,11.5,,,2.753,2.671,5.936,5.886
933,04/16/2025,WARM,Sine,3.5,1.2,11.5,,,2.844,2.738,5.889,5.834
934,04/16/2025,WARM,Sine,4.0,1.2,11.5,,,2.791,2.713,5.748,5.673
935,04/16/2025,WARM,Sine,4.5,1.2,11.5,,,2.782,2.668,5.550,5.529
936,04/16/2025,WARM,Sine,5.0,1.2,11.5,,,2.781,2.664,5.368,5.284
937,04/16/2025,WARM,Sine,6.0,1.2,11.5,,,2.820,2.695,5.036,5.018
938,04/16/2025,WARM,Sine,7.0,1.2,11.5,,,2.825,2.671,4.359,4.306
939,04/16/2025,WARM,Sine,8.0,1.2,11.5,,,2.789,2.665,3.934,3.894
940,04/16/2025,WARM,Sine,8.5,1.2,11.5,,,2.800,2.706,3.963,3.895
941,04/16/2025,WARM,Sine,9.0,1.2,11.5,,,2.766,2.665,3.597,3.556
942,04/16/2025,WARM,Sine,9.5,1.2,11.5,,,2.798,2.661,3.505,3.470
943,04/16/2025,WARM,Sine,10.0,1.2,11.5,,,2.809,2.678,4.323,4.308
944,04/16/2025,WARM,Sine,10.5,1.2,11.5,,,2.800,2.688,4.118,4.114
945,04/16/2025,WARM,Sine,11.0,1.2,11.5,,,2.830,2.673,3.964,3.886
946,04/16/2025,WARM,Sine,11.5,1.2,11.5,,,2.801,2.686,3.911,3.868
947,04/16/2025,WARM,Sine,12.0,1.2,11.5,,,2.811,2.664,3.661,3.557
948,04/16/2025,WARM,Sine,13.0,1.2,11.5,,,2.818,2.678,3.266,3.203
same as above but driving h4/5 (i think),pyrange[243:263],,,,,,,,,,,
950,04/16/2025,WARM,Sine,0.0,1.2,11.5,,,2.749,2.654,2.885,2.873
951,04/16/2025,WARM,Sine,2.0,1.2,11.5,,,2.750,2.656,8.378,8.310
952,04/16/2025,WARM,Sine,2.5,1.2,11.5,,,2.763,2.648,9.056,8.999
953,04/16/2025,WARM,Sine,3.0,1.2,11.5,,,2.740,2.659,8.998,8.996
954,04/16/2025,WARM,Sine,3.5,1.2,11.5,,,2.765,2.651,9.100,9.086
955,04/16/2025,WARM,Sine,4.0,1.2,11.5,,,2.824,2.744,8.614,8.661
956,04/16/2025,WARM,Sine,4.5,1.2,11.5,,,2.758,2.666,8.210,8.241
957,04/16/2025,WARM,Sine,5.0,1.2,11.5,,,2.751,2.672,7.707,7.670
958,04/16/2025,WARM,Sine,6.0,1.2,11.5,,,2.821,2.702,6.812,6.773
959,04/16/2025,WARM,Sine,7.0,1.2,11.5,,,2.773,2.654,6.320,6.391
960,04/16/2025,WARM,Sine,8.0,1.2,11.5,,,2.805,2.742,5.666,5.706
961,04/16/2025,WARM,Sine,8.5,1.2,11.5,,,2.747,2.668,5.085,5.094
962,04/16/2025,WARM,Sine,9.0,1.2,11.5,,,2.772,2.652,4.756,4.815
963,04/16/2025,WARM,Sine,9.5,1.2,11.5,,,2.751,2.669,4.700,4.700
964,04/16/2025,WARM,Sine,10.0,1.2,11.5,,,2.780,2.663,5.692,5.738
965,04/16/2025,WARM,Sine,10.5,1.2,11.5,,,2.757,2.663,5.177,5.225
966,04/16/2025,WARM,Sine,11.0,1.2,11.5,,,2.782,2.662,4.823,4.827
967,04/16/2025,WARM,Sine,11.5,1.2,11.5,,,2.840,2.713,4.482,4.578
968,04/16/2025,WARM,Sine,12.0,1.2,11.5,,,2.822,2.711,4.365,4.451
969,04/16/2025,WARM,Sine,13.0,1.2,11.5,,,2.746,2.662,4.237,4.279
same as above (driving mod2 cable) but removed grouding braid from CO2 plant,pyrange[264:284],,,,,,,,,,,
970,04/16/2025,WARM,Sine,0.0,1.2,11.5,,,2.743,2.660,2.968,2.933
971,04/16/2025,WARM,Sine,2.0,1.2,11.5,,,2.750,2.659,7.829,7.884
972,04/16/2025,WARM,Sine,2.5,1.2,11.5,,,2.827,2.719,8.339,8.322
973,04/16/2025,WARM,Sine,3.0,1.2,11.5,,,2.755,2.661,8.031,7.954
974,04/16/2025,WARM,Sine,3.5,1.2,11.5,,,2.843,2.732,8.195,8.215
975,04/16/2025,WARM,Sine,4.0,1.2,11.5,,,2.935,2.858,7.812,7.829
976,04/16/2025,WARM,Sine,4.5,1.2,11.5,,,2.781,2.653,7.310,7.241
977,04/16/2025,WARM,Sine,5.0,1.2,11.5,,,2.801,2.698,6.863,6.843
978,04/16/2025,WARM,Sine,6.0,1.2,11.5,,,2.811,2.681,7.755,7.829
979,04/16/2025,WARM,Sine,7.0,1.2,11.5,,,2.775,2.656,6.507,6.518
980,04/16/2025,WARM,Sine,8.0,1.2,11.5,,,2.765,2.668,5.587,5.594
981,04/16/2025,WARM,Sine,8.5,1.2,11.5,,,2.767,2.660,5.667,5.668
982,04/16/2025,WARM,Sine,9.0,1.2,11.5,,,2.790,2.660,5.129,5.192
983,04/16/2025,WARM,Sine,9.5,1.2,11.5,,,2.746,2.666,5.086,5.119
984,04/16/2025,WARM,Sine,10.0,1.2,11.5,,,2.852,2.742,5.901,5.947
985,04/16/2025,WARM,Sine,10.5,1.2,11.5,,,2.775,2.664,5.341,5.413
986,04/16/2025,WARM,Sine,11.0,1.2,11.5,,,2.767,2.672,5.109,5.170
987,04/16/2025,WARM,Sine,11.5,1.2,11.5,,,2.778,2.664,4.533,4.572
988,04/16/2025,WARM,Sine,12.0,1.2,11.5,,,2.762,2.667,4.352,4.433
989,04/16/2025,WARM,Sine,13.0,1.2,11.5,,,2.765,2.663,4.328,4.382
995,04/22/2025,WARM,Sine,0.0,1.2,11.5,,,2.755,2.677,2.868,2.826
996,04/22/2025,WARM,Sine,0.0,1.2,11.5,,,2.779,2.672,2.887,2.828
shorted module 2 ground screw to gold pad; driving module 2 cable; no connection to CO2,pyrange[287:307],,,,,,,,,,,
997,04/22/2025,WARM,Sine,0.0,1.2,11.5,,,2.772,2.666,2.884,2.830
998,04/22/2025,WARM,Sine,2.0,1.2,11.5,,,2.776,2.657,3.391,3.258
999,04/22/2025,WARM,Sine,2.5,1.2,11.5,,,2.847,2.734,3.764,3.674
1000,04/22/2025,WARM,Sine,3.0,1.2,11.5,,,2.765,2.689,4.073,3.886
1001,04/22/2025,WARM,Sine,3.5,1.2,11.5,,,2.821,2.763,4.330,4.189
1002,04/22/2025,WARM,Sine,4.0,1.2,11.5,,,2.777,2.685,4.316,4.173
1003,04/22/2025,WARM,Sine,4.5,1.2,11.5,,,2.758,2.685,4.357,4.238
1004,04/22/2025,WARM,Sine,5.0,1.2,11.5,,,2.761,2.681,4.430,4.288
1005,04/22/2025,WARM,Sine,6.0,1.2,11.5,,,2.797,2.701,4.282,4.101
1006,04/22/2025,WARM,Sine,7.0,1.2,11.5,,,2.787,2.712,3.849,3.747
1007,04/22/2025,WARM,Sine,8.0,1.2,11.5,,,2.774,2.704,4.188,4.049
1008,04/22/2025,WARM,Sine,8.5,1.2,11.5,,,2.781,2.674,3.808,3.684
1009,04/22/2025,WARM,Sine,9.0,1.2,11.5,,,2.781,2.685,3.540,3.432
1010,04/22/2025,WARM,Sine,9.5,1.2,11.5,,,2.762,2.691,3.652,3.556
1011,04/22/2025,WARM,Sine,10.0,1.2,11.5,,,2.782,2.729,4.145,4.001
1012,04/22/2025,WARM,Sine,10.5,1.2,11.5,,,2.815,2.769,3.670,3.565
1013,04/22/2025,WARM,Sine,11.0,1.2,11.5,,,2.824,2.796,3.385,3.255
1015,04/22/2025,WARM,Sine,11.5,1.2,11.5,,,2.821,2.822,3.939,3.830
1016,04/22/2025,WARM,Sine,12.0,1.2,11.5,,,2.807,2.775,4.454,4.371
1017,04/22/2025,WARM,Sine,13.0,1.2,11.5,,,2.809,2.759,3.996,3.913
shorted module 2 ground screw to gold pad; driving module 2 cable; connected CO2 plant to plank,pyrange[308:328],,,,,,,,,,,
1018,04/22/2025,WARM,Sine,0.0,1.2,11.5,,,6.447,3.778,9.956,11.037
shorted module 2 ground screw to gold pad; driving module 2 cable; connected CO2 plant to plank,pyrange[310:330],,,,,,,,,,,
1019,04/22/2025,WARM,Sine,0.0,1.2,11.5,,,2.762,2.653,2.877,2.828
1020,04/22/2025,WARM,Sine,2.0,1.2,11.5,,,2.754,2.656,3.545,3.394
1021,04/22/2025,WARM,Sine,2.5,1.2,11.5,,,2.781,2.687,3.908,3.824
1022,04/22/2025,WARM,Sine,3.0,1.2,11.5,,,2.767,2.650,4.177,4.037
driving module 1 cable; connected CO2 plant to plank,pyrange[315:335],,,,,,,,,,,
1023,04/22/2025,WARM,Sine,0.0,1.2,11.5,,,7.081,4.869,12.990,10.279
driving module 1 cable; connected CO2 plant to plank,pyrange[317:337],,,,,,,,,,,
1024,04/22/2025,WARM,Sine,0.0,1.2,11.5,,,2.743,2.667,2.873,2.853
1025,04/22/2025,WARM,Sine,2.0,1.2,11.5,,,2.746,2.671,3.360,3.220
1026,04/22/2025,WARM,Sine,2.5,1.2,11.5,,,2.812,2.703,3.714,3.575
1027,04/22/2025,WARM,Sine,3.0,1.2,11.5,,,2.478,2.428,3.647,3.287
driving module 1 cable; connected CO2 plant to plank; tightened top right screw on module 2 quarter turn,pyrange[322:342],,,,,,,,,,,
1028,04/22/2025,WARM,Sine,0.0,1.2,11.5,,,2.768,2.658,2.926,2.842
1029,04/22/2025,WARM,Sine,2.0,1.2,11.5,,,2.742,2.657,3.308,3.223
driving module 1 cable; connected CO2 plant to plank; swapped cables on both ends,pyrange[325:345],,,,,,,,,,,
1030,04/22/2025,WARM,Sine,0.0,1.2,11.5,,,2.743,2.663,2.912,2.842
1031,04/22/2025,WARM,Sine,2.0,1.2,11.5,,,2.745,2.662,3.329,3.233
driving module 1 cable; also jumped one extra gold pad to CO2 pipe,pyrange[328:348],,,,,,,,,,,
1032,04/22/2025,WARM,Sine,0.0,1.2,11.5,,,2.763,2.674,2.917,2.854
1033,04/22/2025,WARM,Sine,2.0,1.2,11.5,,,2.783,2.680,3.380,3.286
1041,05/02/2025,WARM,Sine,0.0,1.2,11.5,,,,,1.643,1.697
1042,05/02/2025,WARM,Sine,0.0,1.2,11.5,,,,,2.957,2.872
1052,05/28/2025,WARM,Sine,0.0,1.2,11.5,,,7.564,6.895,8.594,7.720
1052,05/28/2025,WARM,Sine,0.0,1.2,11.5,,,7.564,6.895,8.594,7.720
1053,05/28/2025,WARM,Sine,0.0,1.2,11.5,,,2.769,2.688,2.936,2.846
1053,05/28/2025,WARM,Sine,0.0,1.2,11.5,,,2.769,2.688,2.936,2.846
,pyrange[337:348],,,,,,,,,,,
1054,05/28/2025,WARM,Sine,0.0,1.2,11.5,,,2.735,2.638,2.914,2.815
1055,05/28/2025,WARM,Sine,2.0,1.2,11.5,,,2.724,2.643,2.870,2.813
,pyrange[340:351],,,,,,,,,,,
1056,05/28/2025,WARM,Sine,0.0,1.2,11.5,,,2.466,2.407,2.606,2.568
1057,05/28/2025,WARM,Sine,2.0,1.2,11.5,,,2.703,2.651,3.204,3.081
1058,05/28/2025,WARM,Sine,3.0,1.2,11.5,,,2.716,2.655,3.882,3.905
1059,05/28/2025,WARM,Sine,4.0,1.2,11.5,,,2.748,2.639,4.734,4.540
1060,05/28/2025,WARM,Sine,6.0,1.2,11.5,,,2.491,2.445,4.448,4.266
1061,05/28/2025,WARM,Sine,7.0,1.2,11.5,,,2.787,2.756,4.703,4.524
1062,05/28/2025,WARM,Sine,8.0,1.2,11.5,,,2.762,2.706,5.604,5.410
1063,05/28/2025,WARM,Sine,9.0,1.2,11.5,,,2.772,2.764,5.159,4.874
1064,05/28/2025,WARM,Sine,10.0,1.2,11.5,,,2.809,2.731,3.447,3.328
1065,05/28/2025,WARM,Sine,11.0,1.2,11.5,,,2.778,2.740,3.092,3.002
1066,05/28/2025,WARM,Sine,13.0,1.2,11.5,,,2.788,2.756,4.738,4.596
Driving Module 2 GND Wire Only; Both Modules Shorted to Plank; CO2 Plant Disconnected,pyrange[352:372],,,,,,,,,,,
1067,05/30/2025,WARM,Sine,0.0,1.2,11.5,,,2.735,2.639,2.873,2.816
1068,05/30/2025,WARM,Sine,2.0,1.2,11.5,,,2.731,2.640,3.016,2.939
1069,05/30/2025,WARM,Sine,2.5,1.2,11.5,,,2.719,2.648,3.096,3.042
1070,05/30/2025,WARM,Sine,3.0,1.2,11.5,,,2.732,2.643,3.231,3.158
1071,05/30/2025,WARM,Sine,3.5,1.2,11.5,,,2.722,2.650,3.364,3.299
1072,05/30/2025,WARM,Sine,4.0,1.2,11.5,,,2.725,2.655,3.357,3.291
1073,05/30/2025,WARM,Sine,4.5,1.2,11.5,,,2.742,2.634,3.382,3.287
1074,05/30/2025,WARM,Sine,5.0,1.2,11.5,,,2.726,2.648,3.402,3.310
1075,05/30/2025,WARM,Sine,6.0,1.2,11.5,,,2.717,2.662,3.424,3.292
1076,05/30/2025,WARM,Sine,7.0,1.2,11.5,,,2.773,2.694,3.343,3.217
1077,05/30/2025,WARM,Sine,8.0,1.2,11.5,,,2.732,2.660,3.592,3.474
1078,05/30/2025,WARM,Sine,8.5,1.2,11.5,,,2.732,2.665,3.506,3.400
1079,05/30/2025,WARM,Sine,9.0,1.2,11.5,,,2.739,2.673,3.530,3.457
1080,05/30/2025,WARM,Sine,9.5,1.2,11.5,,,2.823,2.720,3.586,3.490
1081,05/30/2025,WARM,Sine,10.0,1.2,11.5,,,2.742,2.637,2.960,2.884
1082,05/30/2025,WARM,Sine,10.5,1.2,11.5,,,2.725,2.649,2.943,2.850
1083,05/30/2025,WARM,Sine,11.0,1.2,11.5,,,2.729,2.666,2.930,2.840
1084,05/30/2025,WARM,Sine,11.5,1.2,11.5,,,2.725,2.705,3.122,3.016
1085,05/30/2025,WARM,Sine,12.0,1.2,11.5,,,2.735,2.696,3.271,3.211
1086,05/30/2025,WARM,Sine,13.0,1.2,11.5,,,2.749,2.694,3.394,3.298
Driving Module 1 Full Cable; Both Modules Shorted to Plank; CO2 Plant Disconnected,pyrange[373:393],,,,,,,,,,,
1087,05/30/2025,WARM,Sine,0.0,1.2,11.5,,,2.723,2.637,2.901,2.807
1088,05/30/2025,WARM,Sine,2.0,1.2,11.5,,,2.715,2.644,3.383,3.244
1089,05/30/2025,WARM,Sine,2.5,1.2,11.5,,,2.730,2.625,3.699,3.601
1090,05/30/2025,WARM,Sine,3.0,1.2,11.5,,,2.957,2.855,4.069,3.997
1091,05/30/2025,WARM,Sine,3.5,1.2,11.5,,,2.717,2.640,4.261,4.120
1092,05/30/2025,WARM,Sine,4.0,1.2,11.5,,,2.743,2.636,4.379,4.213
1093,05/30/2025,WARM,Sine,4.5,1.2,11.5,,,2.742,2.632,4.532,4.342
1094,05/30/2025,WARM,Sine,5.0,1.2,11.5,,,2.800,2.685,4.564,4.380
1095,05/30/2025,WARM,Sine,6.0,1.2,11.5,,,2.755,2.640,4.693,4.503
1096,05/30/2025,WARM,Sine,7.0,1.2,11.5,,,2.744,2.657,4.687,4.533
1097,05/30/2025,WARM,Sine,8.0,1.2,11.5,,,2.482,2.406,3.526,3.418
1098,05/30/2025,WARM,Sine,8.5,1.2,11.5,,,2.760,2.627,4.091,3.950
1099,05/30/2025,WARM,Sine,9.0,1.2,11.5,,,2.468,2.395,3.486,3.441
1100,05/30/2025,WARM,Sine,9.5,1.2,11.5,,,2.744,2.642,4.043,3.957
1101,05/30/2025,WARM,Sine,10.0,1.2,11.5,,,2.770,2.644,4.952,4.746
1102,05/30/2025,WARM,Sine,10.5,1.2,11.5,,,2.818,2.688,5.096,5.001
1103,05/30/2025,WARM,Sine,11.0,1.2,11.5,,,2.833,2.723,5.471,5.292
1104,05/30/2025,WARM,Sine,11.5,1.2,11.5,,,2.838,2.784,4.951,4.758
1105,05/30/2025,WARM,Sine,12.0,1.2,11.5,,,2.804,2.724,3.718,3.642
1106,05/30/2025,WARM,Sine,13.0,1.2,11.5,,,2.817,2.696,3.235,3.145
Driving Module 2 HV/LV Twisted Pair; Both Modules Shorted to Plank; CO2 Plant Disconnected,pyrange[394:414],,,,,,,,,,,
1107,05/30/2025,WARM,Sine,0.0,1.2,11.5,,,2.712,2.640,2.908,2.816
1108,05/30/2025,WARM,Sine,2.0,1.2,11.5,,,2.737,2.641,2.984,2.904
1109,05/30/2025,WARM,Sine,2.5,1.2,11.5,,,2.734,2.628,3.005,2.960
1110,05/30/2025,WARM,Sine,3.0,1.2,11.5,,,2.708,2.646,3.008,2.999
1111,05/30/2025,WARM,Sine,3.5,1.2,11.5,,,2.715,2.635,3.167,3.032
1112,05/30/2025,WARM,Sine,4.0,1.2,11.5,,,2.717,2.629,3.151,3.088
1113,05/30/2025,WARM,Sine,4.5,1.2,11.5,,,2.740,2.634,3.169,3.122
1114,05/30/2025,WARM,Sine,5.0,1.2,11.5,,,2.715,2.635,3.221,3.136
1115,05/30/2025,WARM,Sine,6.0,1.2,11.5,,,2.736,2.629,3.192,3.065
1116,05/30/2025,WARM,Sine,7.0,1.2,11.5,,,2.734,2.635,3.014,2.967
1117,05/30/2025,WARM,Sine,8.0,1.2,11.5,,,2.770,2.672,3.019,2.978
1118,05/30/2025,WARM,Sine,8.5,1.2,11.5,,,2.737,2.633,2.924,2.852
1119,05/30/2025,WARM,Sine,9.0,1.2,11.5,,,2.716,2.651,2.978,2.877
1120,05/30/2025,WARM,Sine,9.5,1.2,11.5,,,2.758,2.685,3.896,3.737
1121,05/30/2025,WARM,Sine,10.0,1.2,11.5,,,2.728,2.684,3.765,3.664
1122,05/30/2025,WARM,Sine,10.5,1.2,11.5,,,2.766,2.714,3.289,3.209
1123,05/30/2025,WARM,Sine,11.0,1.2,11.5,,,2.762,2.691,3.119,3.085
1124,05/30/2025,WARM,Sine,11.5,1.2,11.5,,,2.756,2.718,3.494,3.411
1125,05/30/2025,WARM,Sine,12.0,1.2,11.5,,,2.745,2.680,3.679,3.602
1126,05/30/2025,WARM,Sine,13.0,1.2,11.5,,,2.741,2.652,3.467,3.407
Driving Module 2 Full Cable; Both Modules Shorted to Plank; CO2 Plant Disconnected,pyrange[415:435],,,,,,,,,,,
1127,05/30/2025,WARM,Sine,0.0,1.2,11.5,,,2.707,2.645,2.868,2.797
1128,05/30/2025,WARM,Sine,2.0,1.2,11.5,,,2.697,2.651,3.411,3.292
1129,05/30/2025,WARM,Sine,2.5,1.2,11.5,,,2.756,2.689,3.827,3.661
1130,05/30/2025,WARM,Sine,3.0,1.2,11.5,,,2.741,2.636,3.937,3.905
1131,05/30/2025,WARM,Sine,3.5,1.2,11.5,,,2.726,2.645,4.233,4.059
1132,05/30/2025,WARM,Sine,4.0,1.2,11.5,,,2.733,2.645,4.334,4.194
1134,05/30/2025,WARM,Sine,4.5,1.2,11.5,,,2.757,2.642,4.381,4.213
1135,05/30/2025,WARM,Sine,5.0,1.2,11.5,,,2.738,2.659,4.338,4.261
1136,05/30/2025,WARM,Sine,6.0,1.2,11.5,,,2.738,2.663,4.255,4.121
1137,05/30/2025,WARM,Sine,7.0,1.2,11.5,,,2.851,2.757,3.894,3.797
1138,05/30/2025,WARM,Sine,8.0,1.2,11.5,,,2.741,2.656,4.126,3.999
1139,05/30/2025,WARM,Sine,8.5,1.2,11.5,,,2.714,2.677,3.776,3.626
1140,05/30/2025,WARM,Sine,9.0,1.2,11.5,,,2.736,2.677,3.482,3.388
1141,05/30/2025,WARM,Sine,9.5,1.2,11.5,,,2.732,2.671,3.808,3.684
1142,05/30/2025,WARM,Sine,10.0,1.2,11.5,,,2.801,2.737,4.176,4.011
1143,05/30/2025,WARM,Sine,10.5,1.2,11.5,,,2.778,2.731,3.528,3.425
1144,05/30/2025,WARM,Sine,11.0,1.2,11.5,,,2.958,2.918,3.506,3.424
1145,05/30/2025,WARM,Sine,11.5,1.2,11.5,,,2.783,2.788,4.218,4.115
1146,05/30/2025,WARM,Sine,12.0,1.2,11.5,,,2.773,2.754,4.651,4.511
1147,05/30/2025,WARM,Sine,13.0,1.2,11.5,,,2.785,2.720,4.412,4.274
Driving Module 1 Full Cable; Both Modules Shorted to Plank; CO2 Plant Attached,pyrange[436:456],,,,,,,,,,,
1148,05/30/2025,WARM,Sine,0.0,1.2,11.5,,,2.759,2.663,2.893,2.813
1149,05/30/2025,WARM,Sine,2.0,1.2,11.5,,,2.773,2.657,3.374,3.225
1150,05/30/2025,WARM,Sine,2.5,1.2,11.5,,,2.771,2.653,3.704,3.588
1151,05/30/2025,WARM,Sine,3.0,1.2,11.5,,,2.737,2.661,3.862,3.743
1152,05/30/2025,WARM,Sine,3.5,1.2,11.5,,,2.829,2.739,4.092,3.968
1153,05/30/2025,WARM,Sine,4.0,1.2,11.5,,,2.765,2.661,4.303,4.093
1154,05/30/2025,WARM,Sine,4.5,1.2,11.5,,,2.780,2.652,4.257,4.111
1155,05/30/2025,WARM,Sine,5.0,1.2,11.5,,,2.770,2.655,4.416,4.243
1156,05/30/2025,WARM,Sine,6.0,1.2,11.5,,,2.771,2.665,3.612,3.493
1157,05/30/2025,WARM,Sine,7.0,1.2,11.5,,,2.805,2.670,3.537,3.458
1158,05/30/2025,WARM,Sine,8.0,1.2,11.5,,,2.887,2.770,3.737,3.635
1159,05/30/2025,WARM,Sine,8.5,1.2,11.5,,,2.784,2.654,3.501,3.430
1160,05/30/2025,WARM,Sine,9.0,1.2,11.5,,,2.773,2.673,3.294,3.209
1161,05/30/2025,WARM,Sine,9.5,1.2,11.5,,,2.825,2.710,3.379,3.215
1162,05/30/2025,WARM,Sine,10.0,1.2,11.5,,,2.810,2.677,3.905,3.733
1163,05/30/2025,WARM,Sine,10.5,1.2,11.5,,,2.820,2.662,3.757,3.645
1164,05/30/2025,WARM,Sine,11.0,1.2,11.5,,,2.812,2.667,3.628,3.487
1165,05/30/2025,WARM,Sine,11.5,1.2,11.5,,,2.794,2.676,3.430,3.327
1166,05/30/2025,WARM,Sine,12.0,1.2,11.5,,,2.790,2.668,3.292,3.212
1167,05/30/2025,WARM,Sine,13.0,1.2,11.5,,,2.807,2.677,3.229,3.115
Driving Module 1 Full Cable; Both Modules Shorted to Plank; CO2 Plant Attached AND Shorted to Patch Panel,pyrange[457:477],,,,,,,,,,,
1168,05/30/2025,WARM,Sine,0.0,1.2,11.5,,,2.750,2.697,2.836,2.795
1169,05/30/2025,WARM,Sine,2.0,1.2,11.5,,,2.774,2.690,3.388,3.263
1170,05/30/2025,WARM,Sine,2.5,1.2,11.5,,,2.790,2.687,3.969,3.827
1171,05/30/2025,WARM,Sine,3.0,1.2,11.5,,,2.806,2.676,4.559,4.359
1172,05/30/2025,WARM,Sine,3.5,1.2,11.5,,,2.833,2.686,5.077,4.838
1173,05/30/2025,WARM,Sine,4.0,1.2,11.5,,,2.888,2.715,5.636,5.414
1174,05/30/2025,WARM,Sine,4.5,1.2,11.5,,,2.587,2.470,5.129,4.934
1175,05/30/2025,WARM,Sine,5.0,1.2,11.5,,,2.918,2.697,5.669,5.402
1176,05/30/2025,WARM,Sine,6.0,1.2,11.5,,,2.938,2.720,6.053,5.710
1177,05/30/2025,WARM,Sine,7.0,1.2,11.5,,,2.929,2.723,5.544,5.368
1178,05/30/2025,WARM,Sine,8.0,1.2,11.5,,,2.916,2.720,5.347,5.107
1179,05/30/2025,WARM,Sine,8.5,1.2,11.5,,,2.973,2.790,5.015,4.786
1180,05/30/2025,WARM,Sine,9.0,1.2,11.5,,,2.940,2.794,4.596,4.390
1181,05/30/2025,WARM,Sine,9.5,1.2,11.5,,,2.898,2.699,4.494,4.311
1182,05/30/2025,WARM,Sine,10.0,1.2,11.5,,,3.022,2.765,7.064,6.725
1183,05/30/2025,WARM,Sine,10.5,1.2,11.5,,,2.942,2.748,6.621,6.361
1184,05/30/2025,WARM,Sine,11.0,1.2,11.5,,,2.915,2.725,6.013,5.812
1185,05/30/2025,WARM,Sine,11.5,1.2,11.5,,,2.974,2.733,4.549,4.332
1186,05/30/2025,WARM,Sine,12.0,1.2,11.5,,,2.946,2.739,4.086,3.944
1187,05/30/2025,WARM,Sine,13.0,1.2,11.5,,,2.964,2.713,3.935,3.828
Driving Module 1 Full Cable; Both Modules Shorted to Plank; CO2 Plant Attached 2x,pyrange[478:498],,,,,,,,,,,
1188,06/02/2025,WARM,Sine,0.0,1.2,11.5,,,2.753,2.685,2.866,2.800
1189,06/02/2025,WARM,Sine,2.0,1.2,11.5,,,2.772,2.676,3.401,3.285
1190,06/02/2025,WARM,Sine,2.5,1.2,11.5,,,2.774,2.683,3.983,3.848
1191,06/02/2025,WARM,Sine,3.0,1.2,11.5,,,2.787,2.692,4.414,4.338
1192,06/02/2025,WARM,Sine,3.5,1.2,11.5,,,2.850,2.687,5.023,4.810
1193,06/02/2025,WARM,Sine,4.0,1.2,11.5,,,2.840,2.702,5.608,5.326
1194,06/02/2025,WARM,Sine,4.5,1.2,11.5,,,2.851,2.684,5.892,5.616
1195,06/02/2025,WARM,Sine,5.0,1.2,11.5,,,2.967,2.805,5.545,5.274
1196,06/02/2025,WARM,Sine,6.0,1.2,11.5,,,2.936,2.736,5.904,5.628
1197,06/02/2025,WARM,Sine,7.0,1.2,11.5,,,2.994,2.790,5.356,5.069
1198,06/02/2025,WARM,Sine,8.0,1.2,11.5,,,2.945,2.738,5.138,4.922
1199,06/02/2025,WARM,Sine,8.5,1.2,11.5,,,2.953,2.723,4.703,4.511
1200,06/02/2025,WARM,Sine,9.0,1.2,11.5,,,2.915,2.738,4.173,3.992
1201,06/02/2025,WARM,Sine,9.5,1.2,11.5,,,2.909,2.732,4.381,4.204
1202,06/02/2025,WARM,Sine,10.0,1.2,11.5,,,3.094,2.786,6.194,5.964
1203,06/02/2025,WARM,Sine,10.5,1.2,11.5,,,3.016,2.758,5.604,5.364
1204,06/02/2025,WARM,Sine,11.0,1.2,11.5,,,3.035,2.771,5.238,5.054
1205,06/02/2025,WARM,Sine,11.5,1.2,11.5,,,3.011,2.787,4.737,4.594
1206,06/02/2025,WARM,Sine,12.0,1.2,11.5,,,2.918,2.731,4.189,4.048
1207,06/02/2025,WARM,Sine,13.0,1.2,11.5,,,2.944,2.748,3.995,3.878
Driving Module 1 Full Cable; Both Modules Shorted to Plank; Short from braid,pyrange[499:519],,,,,,,,,,,
1208,06/03/2025,WARM,Sine,0.0,1.2,11.5,,,2.781,2.682,2.845,2.811
1209,06/03/2025,WARM,Sine,2.0,1.2,11.5,,,2.761,2.689,2.886,2.807
1210,06/03/2025,WARM,Sine,2.5,1.2,11.5,,,2.758,2.688,2.891,2.839
1211,06/03/2025,WARM,Sine,3.0,1.2,11.5,,,2.764,2.671,2.897,2.890
Driving Module 1 Full Cable; Both Modules Shorted to Plank; Short from braid,pyrange[504:524],,,,,,,,,,,
1212,06/03/2025,WARM,Sine,0.0,1.2,11.5,,,2.770,2.682,2.863,2.801
1213,06/03/2025,WARM,Sine,2.0,1.2,11.5,,,2.780,2.675,3.355,3.260
1214,06/03/2025,WARM,Sine,2.5,1.2,11.5,,,2.781,2.675,3.982,3.877
1215,06/03/2025,WARM,Sine,3.0,1.2,11.5,,,2.813,2.679,4.466,4.296
1216,06/03/2025,WARM,Sine,3.5,1.2,11.5,,,2.814,2.703,4.967,4.779
Driving Module 1 Full Cable; Both Modules Shorted to Plank; Short from braid; Horizontal,pyrange[510:530],,,,,,,,,,,
1219,06/03/2025,WARM,Sine,0.0,1.2,11.5,,,2.575,2.511,2.693,2.610
1220,06/03/2025,WARM,Sine,2.0,1.2,11.5,,,2.816,2.730,3.414,3.309
1221,06/03/2025,WARM,Sine,2.5,1.2,11.5,,,2.875,2.742,3.996,3.849
1222,06/03/2025,WARM,Sine,3.0,1.2,11.5,,,2.808,2.681,4.404,4.341
1223,06/03/2025,WARM,Sine,3.5,1.2,11.5,,,2.840,2.687,4.981,4.773
1224,06/03/2025,WARM,Sine,4.0,1.2,11.5,,,2.853,2.689,5.482,5.293
1225,06/03/2025,WARM,Sine,4.5,1.2,11.5,,,2.879,2.692,5.799,5.581
1226,06/03/2025,WARM,Sine,5.0,1.2,11.5,,,2.931,2.692,5.374,5.173
1227,06/03/2025,WARM,Sine,6.0,1.2,11.5,,,2.939,2.731,5.838,5.599
Driving Module 1 Full Cable; Both Modules Shorted to Plank; No GND path; Horizontal,pyrange[521:541],,,,,,,,,,,
1229,06/03/2025,WARM,Sine,0.0,1.2,11.5,,,2.755,2.656,2.892,2.817
1230,06/03/2025,WARM,Sine,2.0,1.2,11.5,,,2.752,2.654,4.391,4.213
Driving Module 1 Full Cable; Both Modules Shorted to Plank; No GND path; Removed jumpers,pyrange[523:543],,,,,,,,,,,
1231,06/03/2025,WARM,Sine,0.0,1.2,11.5,,,2.765,2.685,2.852,2.798
1232,06/03/2025,WARM,Sine,2.0,1.2,11.5,,,12.867,12.588,10.421,10.474
Driving Module 1 Full Cable; Both Modules Shorted to Plank; Fixed Jumpers,pyrange[526:546],,,,,,,,,,,
1233,06/03/2025,WARM,Sine,0.0,1.2,11.5,,,2.752,2.647,2.841,2.775
1234,06/03/2025,WARM,Sine,2.0,1.2,11.5,,,2.742,2.660,2.877,2.785
1235,06/03/2025,WARM,Sine,2.5,1.2,11.5,,,2.783,2.663,2.879,2.813
1236,06/03/2025,WARM,Sine,3.0,1.2,11.5,,,2.879,2.752,2.976,2.949
1237,06/03/2025,WARM,Sine,3.5,1.2,11.5,,,2.850,2.659,2.997,2.863
1238,06/03/2025,WARM,Sine,4.0,1.2,11.5,,,2.834,2.670,3.077,2.966
1239,06/03/2025,WARM,Sine,4.5,1.2,11.5,,,2.866,2.678,3.186,2.995
1240,06/03/2025,WARM,Sine,5.0,1.2,11.5,,,2.879,2.682,3.194,3.057
1241,06/03/2025,WARM,Sine,6.0,1.2,11.5,,,2.949,2.723,3.331,3.158
1242,06/03/2025,WARM,Sine,7.0,1.2,11.5,,,2.920,2.705,3.295,3.139
1243,06/03/2025,WARM,Sine,8.0,1.2,11.5,,,2.938,2.760,3.082,3.015
1244,06/03/2025,WARM,Sine,8.5,1.2,11.5,,,2.849,2.678,3.159,3.061
1245,06/03/2025,WARM,Sine,9.0,1.2,11.5,,,2.969,2.795,3.169,3.120
1246,06/03/2025,WARM,Sine,9.5,1.2,11.5,,,2.891,2.715,3.199,3.100
1247,06/03/2025,WARM,Sine,10.0,1.2,11.5,,,3.040,2.803,3.668,3.562
1248,06/03/2025,WARM,Sine,10.5,1.2,11.5,,,2.883,2.731,3.704,3.434
1249,06/03/2025,WARM,Sine,11.0,1.2,11.5,,,2.902,2.787,3.821,3.503
1250,06/03/2025,WARM,Sine,11.5,1.2,11.5,,,3.072,2.896,3.517,3.330
1251,06/03/2025,WARM,Sine,12.0,1.2,11.5,,,3.072,2.871,3.111,3.037
1252,06/03/2025,WARM,Sine,13.0,1.2,11.5,,,2.970,2.854,2.961,2.881
Driving Module 1 Full Cable; Both Modules Shorted to Plank; Plank to GND; New Cable for 2,pyrange[547:567],,,,,,,,,,,
1253,06/03/2025,WARM,Sine,0.0,1.2,11.5,,,2.734,2.652,2.827,2.802
1254,06/03/2025,WARM,Sine,2.0,1.2,11.5,,,2.746,2.659,2.820,2.795
1256,06/03/2025,WARM,Sine,2.5,1.2,11.5,,,2.777,2.643,2.840,2.794
1257,06/03/2025,WARM,Sine,3.0,1.2,11.5,,,2.859,2.709,2.936,2.839
1258,06/03/2025,WARM,Sine,3.5,1.2,11.5,,,2.810,2.669,2.879,2.822
1259,06/03/2025,WARM,Sine,4.0,1.2,11.5,,,2.852,2.670,2.903,2.813
1260,06/03/2025,WARM,Sine,4.5,1.2,11.5,,,2.884,2.673,2.907,2.847
1261,06/03/2025,WARM,Sine,5.0,1.2,11.5,,,2.948,2.705,2.896,2.812
1262,06/03/2025,WARM,Sine,6.0,1.2,11.5,,,2.928,2.714,2.958,2.853
1263,06/03/2025,WARM,Sine,7.0,1.2,11.5,,,2.970,2.733,2.927,2.837
1264,06/03/2025,WARM,Sine,8.0,1.2,11.5,,,2.920,2.709,2.981,2.863
1265,06/03/2025,WARM,Sine,8.5,1.2,11.5,,,2.922,2.721,2.928,2.849
1266,06/03/2025,WARM,Sine,9.0,1.2,11.5,,,2.886,2.699,2.923,2.831
1267,06/03/2025,WARM,Sine,9.5,1.2,11.5,,,2.894,2.709,2.931,2.837
1268,06/03/2025,WARM,Sine,10.0,1.2,11.5,,,3.048,2.756,3.109,2.929
1269,06/03/2025,WARM,Sine,10.5,1.2,11.5,,,3.038,2.752,3.061,2.902
1270,06/03/2025,WARM,Sine,11.0,1.2,11.5,,,2.963,2.729,3.001,2.887
1271,06/03/2025,WARM,Sine,11.5,1.2,11.5,,,3.014,2.781,2.970,2.908
1272,06/03/2025,WARM,Sine,12.0,1.2,11.5,,,2.991,2.737,2.913,2.849
1273,06/03/2025,WARM,Sine,13.0,1.2,11.5,,,2.963,2.730,2.903,2.828
Driving Module 1 Full Cable; Both Modules Shorted (single strand for mod 2),pyrange[568:588],,,,,,,,,,,
1274,06/06/2025,WARM,Sine,0.0,1.2,11.5,,,2.770,2.684,2.844,2.783
1275,06/06/2025,WARM,Sine,2.0,1.2,11.5,,,2.783,2.677,2.864,2.784
1276,06/06/2025,WARM,Sine,2.5,1.2,11.5,,,2.809,2.675,2.909,2.831
1277,06/06/2025,WARM,Sine,3.0,1.2,11.5,,,2.806,2.693,2.946,2.879
1278,06/06/2025,WARM,Sine,3.5,1.2,11.5,,,2.857,2.677,3.059,2.912
1279,06/06/2025,WARM,Sine,4.0,1.2,11.5,,,2.875,2.681,3.130,2.943
1280,06/06/2025,WARM,Sine,4.5,1.2,11.5,,,2.886,2.707,3.177,3.015
1281,06/06/2025,WARM,Sine,5.0,1.2,11.5,,,2.951,2.752,3.249,3.111
1282,06/06/2025,WARM,Sine,6.0,1.2,11.5,,,2.947,2.759,3.407,3.154
1283,06/06/2025,WARM,Sine,7.0,1.2,11.5,,,2.956,2.738,3.411,3.209
1284,06/06/2025,WARM,Sine,8.0,1.2,11.5,,,2.997,2.795,3.167,3.101
1285,06/06/2025,WARM,Sine,8.5,1.2,11.5,,,2.909,2.722,3.167,3.108
1286,06/06/2025,WARM,Sine,9.0,1.2,11.5,,,2.898,2.734,3.184,3.117
1287,06/06/2025,WARM,Sine,9.5,1.2,11.5,,,2.930,2.861,3.051,2.977
1288,06/06/2025,WARM,Sine,10.0,1.2,11.5,,,2.999,2.804,3.351,3.220
Driving Module 1 Full Cable; Module 2 short through 100nF capacitor,pyrange[584:604],,,,,,,,,,,
1289,06/09/2025,WARM,Sine,0.0,1.2,11.5,,,2.757,2.677,2.865,2.793
1290,06/09/2025,WARM,Sine,2.0,1.2,11.5,,,2.762,2.680,2.951,2.902
1291,06/09/2025,WARM,Sine,2.5,1.2,11.5,,,2.787,2.678,2.858,2.818
1292,06/09/2025,WARM,Sine,3.0,1.2,11.5,,,2.821,2.684,2.980,2.873
1293,06/09/2025,WARM,Sine,3.5,1.2,11.5,,,2.849,2.676,3.256,3.063
1294,06/09/2025,WARM,Sine,4.0,1.2,11.5,,,2.886,2.681,3.643,3.380
1295,06/09/2025,WARM,Sine,4.5,1.2,11.5,,,2.893,2.695,3.932,3.657
1296,06/09/2025,WARM,Sine,5.0,1.2,11.5,,,3.012,2.768,4.305,4.013
1297,06/09/2025,WARM,Sine,6.0,1.2,11.5,,,2.988,2.764,4.892,4.534
Driving Module 1 Full Cable; Module 2 short through 100nF capacitor; Lug Removed,pyrange[594:614],,,,,,,,,,,
1298,06/09/2025,WARM,Sine,0.0,1.2,11.5,,,2.761,2.651,2.815,2.807
1299,06/09/2025,WARM,Sine,2.0,1.2,11.5,,,2.768,2.660,2.858,2.810
1300,06/09/2025,WARM,Sine,2.5,1.2,11.5,,,2.781,2.662,2.883,2.812
1301,06/09/2025,WARM,Sine,3.0,1.2,11.5,,,2.806,2.671,2.844,2.836
1302,06/09/2025,WARM,Sine,3.5,1.2,11.5,,,2.839,2.672,2.887,2.846
1303,06/09/2025,WARM,Sine,4.0,1.2,11.5,,,2.879,2.718,2.946,2.877
1304,06/09/2025,WARM,Sine,4.5,1.2,11.5,,,2.883,2.676,2.945,2.869
1305,06/09/2025,WARM,Sine,5.0,1.2,11.5,,,2.884,2.684,2.958,2.876
1306,06/09/2025,WARM,Sine,6.0,1.2,11.5,,,2.912,2.727,2.959,2.940
1307,06/09/2025,WARM,Sine,7.0,1.2,11.5,,,2.918,2.749,3.029,2.957
1308,06/09/2025,WARM,Sine,8.0,1.2,11.5,,,2.958,2.825,2.990,2.986
1309,06/09/2025,WARM,Sine,8.5,1.2,11.5,,,2.902,2.714,2.912,2.895
1310,06/09/2025,WARM,Sine,9.0,1.2,11.5,,,2.964,2.791,3.014,3.010
1311,06/09/2025,WARM,Sine,9.5,1.2,11.5,,,2.874,2.724,2.893,2.888
1312,06/09/2025,WARM,Sine,10.0,1.2,11.5,,,2.995,2.804,3.033,2.979
1313,06/09/2025,WARM,Sine,10.5,1.2,11.5,,,2.909,2.714,3.065,2.988
1314,06/09/2025,WARM,Sine,11.0,1.2,11.5,,,2.850,2.738,3.078,2.969
1315,06/09/2025,WARM,Sine,11.5,1.2,11.5,,,2.881,2.781,3.080,2.971
1316,06/09/2025,WARM,Sine,12.0,1.2,11.5,,,2.941,2.781,3.030,2.911
1317,06/09/2025,WARM,Sine,13.0,1.2,11.5,,,3.001,2.830,2.922,2.889
Driving Module 1 Full Cable; Module 2 short through 100nF capacitor; Fixed short,pyrange[615:635],,,,,,,,,,,
1318,06/09/2025,WARM,Sine,0.0,1.2,11.5,,,2.749,2.653,2.861,2.799
1319,06/09/2025,WARM,Sine,2.0,1.2,11.5,,,2.759,2.663,3.101,3.100
1320,06/09/2025,WARM,Sine,2.5,1.2,11.5,,,2.770,2.652,2.917,2.904
1321,06/09/2025,WARM,Sine,3.0,1.2,11.5,,,2.808,2.648,2.872,2.824
1322,06/09/2025,WARM,Sine,3.5,1.2,11.5,,,2.830,2.651,2.948,2.845
1323,06/09/2025,WARM,Sine,4.0,1.2,11.5,,,2.851,2.660,3.130,2.941
1324,06/09/2025,WARM,Sine,4.5,1.2,11.5,,,2.851,2.680,3.311,3.109
1325,06/09/2025,WARM,Sine,5.0,1.2,11.5,,,2.904,2.688,3.498,3.251
1326,06/09/2025,WARM,Sine,6.0,1.2,11.5,,,2.961,2.739,3.852,3.677
1327,06/09/2025,WARM,Sine,7.0,1.2,11.5,,,2.985,2.780,4.211,3.927
1328,06/09/2025,WARM,Sine,8.0,1.2,11.5,,,2.930,2.847,4.415,4.165
1329,06/09/2025,WARM,Sine,8.5,1.2,11.5,,,2.975,2.853,3.697,3.557
1330,06/09/2025,WARM,Sine,9.0,1.2,11.5,,,2.914,2.831,3.130,3.022
1331,06/09/2025,WARM,Sine,9.5,1.2,11.5,,,2.866,2.786,3.246,3.144
1332,06/09/2025,WARM,Sine,10.0,1.2,11.5,,,2.998,2.847,4.066,3.745
1333,06/09/2025,WARM,Sine,10.5,1.2,11.5,,,2.977,2.784,4.098,3.880
1334,06/09/2025,WARM,Sine,11.0,1.2,11.5,,,2.946,2.807,3.989,3.774
1335,06/09/2025,WARM,Sine,11.5,1.2,11.5,,,2.928,2.773,3.675,3.504
1336,06/09/2025,WARM,Sine,12.0,1.2,11.5,,,2.941,2.784,3.473,3.355
1337,06/09/2025,WARM,Sine,13.0,1.2,11.5,,,2.920,2.806,3.217,3.100
Driving Module 1 Full Cable; Module 2 short through 100nF capacitor; leads only,pyrange[636:656],,,,,,,,,,,
1338,06/09/2025,WARM,Sine,0.0,1.2,11.5,,,2.823,2.730,2.910,2.851
1339,06/09/2025,WARM,Sine,2.0,1.2,11.5,,,2.770,2.647,3.253,3.295
1340,06/09/2025,WARM,Sine,2.5,1.2,11.5,,,2.769,2.645,3.115,3.158
1341,06/09/2025,WARM,Sine,3.0,1.2,11.5,,,2.816,2.651,3.042,3.071
1342,06/09/2025,WARM,Sine,3.5,1.2,11.5,,,2.814,2.662,2.936,2.973
1343,06/09/2025,WARM,Sine,4.0,1.2,11.5,,,2.866,2.663,2.882,2.928
1344,06/09/2025,WARM,Sine,4.5,1.2,11.5,,,2.957,2.748,2.944,2.966
1345,06/09/2025,WARM,Sine,5.0,1.2,11.5,,,2.960,2.744,2.960,2.948
1346,06/09/2025,WARM,Sine,6.0,1.2,11.5,,,3.006,2.778,3.079,2.990
1347,06/09/2025,WARM,Sine,7.0,1.2,11.5,,,2.937,2.737,2.982,2.959
1348,06/09/2025,WARM,Sine,8.0,1.2,11.5,,,2.824,2.747,3.075,2.997
1349,06/09/2025,WARM,Sine,8.5,1.2,11.5,,,2.939,2.859,3.028,3.007
1350,06/09/2025,WARM,Sine,9.0,1.2,11.5,,,2.962,2.861,3.008,2.945
1351,06/09/2025,WARM,Sine,9.5,1.2,11.5,,,2.923,2.830,2.921,2.887
1352,06/09/2025,WARM,Sine,10.0,1.2,11.5,,,3.095,2.916,3.051,2.913
1353,06/09/2025,WARM,Sine,10.5,1.2,11.5,,,2.921,2.776,2.969,2.848
1354,06/09/2025,WARM,Sine,11.0,1.2,11.5,,,2.898,2.727,3.007,2.875
1355,06/09/2025,WARM,Sine,11.5,1.2,11.5,,,2.895,2.726,2.926,2.869
1356,06/09/2025,WARM,Sine,12.0,1.2,11.5,,,2.906,2.772,2.930,2.886
1357,06/09/2025,WARM,Sine,13.0,1.2,11.5,,,2.951,2.788,2.926,2.837
Driving Module 1 Full Cable; capacitor on Module 2,pyrange[657:677],,,,,,,,,,,
1358,06/10/2025,WARM,Sine,0.0,5.0,11.5,,,2.758,2.672,2.829,2.774
1359,06/10/2025,WARM,Sine,2.0,5.0,11.5,,,3.009,2.680,6.767,7.295
1360,06/10/2025,WARM,Sine,2.5,5.0,11.5,,,3.316,2.691,5.811,6.475
1361,06/10/2025,WARM,Sine,3.0,5.0,11.5,,,3.582,2.764,4.539,5.141
1362,06/10/2025,WARM,Sine,3.5,5.0,11.5,,,3.842,2.771,4.155,4.692
1363,06/10/2025,WARM,Sine,4.0,5.0,11.5,,,4.018,2.767,3.687,4.134
1364,06/10/2025,WARM,Sine,4.5,5.0,11.5,,,4.219,2.788,3.537,3.651
1365,06/10/2025,WARM,Sine,5.0,5.0,11.5,,,4.257,2.792,3.598,3.355
1366,06/10/2025,WARM,Sine,6.0,5.0,11.5,,,3.965,2.720,4.163,3.231
1367,06/10/2025,WARM,Sine,7.0,5.0,11.5,,,3.890,2.724,4.383,3.399
1368,06/10/2025,WARM,Sine,8.0,5.0,11.5,,,4.212,3.040,4.176,3.438
1369,06/10/2025,WARM,Sine,8.5,5.0,11.5,,,4.314,3.485,4.568,3.345
1370,06/10/2025,WARM,Sine,9.0,5.0,11.5,,,3.835,2.921,3.992,3.453
1371,06/10/2025,WARM,Sine,9.5,5.0,11.5,,,4.179,3.119,3.728,3.209
1372,06/10/2025,WARM,Sine,10.0,5.0,11.5,,,5.420,3.659,4.074,3.111
1373,06/10/2025,WARM,Sine,10.5,5.0,11.5,,,4.963,3.492,4.449,3.471
1374,06/10/2025,WARM,Sine,11.0,5.0,11.5,,,4.552,3.330,4.610,3.610
1375,06/10/2025,WARM,Sine,11.5,5.0,11.5,,,4.530,3.408,4.370,3.806
1376,06/10/2025,WARM,Sine,12.0,5.0,11.5,,,4.498,3.302,4.240,3.656
1377,06/10/2025,WARM,Sine,13.0,5.0,11.5,,,4.611,3.325,3.778,3.374
Driving Module 1 Full Cable; both modules shorted with wire,pyrange[678:698],,,,,,,,,,,
1378,06/10/2025,WARM,Sine,0.0,5.0,11.5,,,2.728,2.675,2.827,2.796
1379,06/10/2025,WARM,Sine,2.0,5.0,11.5,,,2.990,2.704,3.105,2.874
1380,06/10/2025,WARM,Sine,2.5,5.0,11.5,,,3.287,2.681,3.490,3.039
1381,06/10/2025,WARM,Sine,3.0,5.0,11.5,,,3.580,2.731,4.058,3.385
1382,06/10/2025,WARM,Sine,3.5,5.0,11.5,,,3.878,2.796,4.705,3.812
1383,06/10/2025,WARM,Sine,4.0,5.0,11.5,,,4.105,2.833,5.237,4.160
Driving Module 1 Full Cable; both modules shorted with wire (3V),pyrange[685:705],,,,,,,,,,,
1384,06/10/2025,WARM,Sine,0.0,1.2,11.5,,,2.729,2.667,2.817,2.803
1385,06/10/2025,WARM,Sine,2.0,1.2,11.5,,,2.815,2.662,2.927,2.824
1386,06/10/2025,WARM,Sine,2.5,1.2,11.5,,,2.974,2.695,3.141,2.925
1387,06/10/2025,WARM,Sine,3.0,1.2,11.5,,,3.115,2.698,3.459,3.021
1388,06/10/2025,WARM,Sine,3.5,1.2,11.5,,,3.243,2.711,3.639,3.222
1389,06/10/2025,WARM,Sine,4.0,1.2,11.5,,,3.359,2.731,3.935,3.414
1390,06/10/2025,WARM,Sine,4.5,1.2,11.5,,,3.451,2.758,4.197,3.624
1391,06/10/2025,WARM,Sine,5.0,1.2,11.5,,,3.493,2.791,4.390,3.803
1392,06/10/2025,WARM,Sine,6.0,1.2,11.5,,,3.419,2.809,4.856,4.079
1393,06/10/2025,WARM,Sine,7.0,1.2,11.5,,,3.257,2.748,4.991,4.247
1394,06/10/2025,WARM,Sine,8.0,1.2,11.5,,,3.035,2.790,4.965,4.386
1395,06/10/2025,WARM,Sine,8.5,1.2,11.5,,,3.185,2.860,4.336,3.928
1396,06/10/2025,WARM,Sine,9.0,1.2,11.5,,,3.307,2.932,3.276,3.139
1397,06/10/2025,WARM,Sine,9.5,1.2,11.5,,,3.335,2.985,3.296,3.111
1398,06/10/2025,WARM,Sine,10.0,1.2,11.5,,,3.859,3.135,3.888,3.417
1399,06/10/2025,WARM,Sine,10.5,1.2,11.5,,,3.718,3.049,4.064,3.519
1400,06/10/2025,WARM,Sine,11.0,1.2,11.5,,,3.591,3.085,4.223,3.652
1401,06/10/2025,WARM,Sine,11.5,1.2,11.5,,,3.455,2.998,4.248,3.753
1402,06/10/2025,WARM,Sine,12.0,1.2,11.5,,,3.476,2.972,3.879,3.570
1403,06/10/2025,WARM,Sine,13.0,1.2,11.5,,,3.578,3.070,3.514,3.267
Driving CO2 Plant,pyrange[706:726],,,,,,,,,,,
1404,06/11/2025,WARM,Sine,0.0,1.2,11.5,,,2.794,2.698,2.839,2.778
1405,06/11/2025,WARM,Sine,2.0,1.2,11.5,,,2.768,2.700,2.847,2.788
1406,06/11/2025,WARM,Sine,2.5,1.2,11.5,,,2.764,2.709,2.848,2.798
1407,06/11/2025,WARM,Sine,3.0,1.2,11.5,,,2.773,2.697,2.843,2.788
1408,06/11/2025,WARM,Sine,3.5,1.2,11.5,,,2.531,2.447,2.589,2.553
1409,06/11/2025,WARM,Sine,4.0,1.2,11.5,,,2.514,2.422,2.566,2.525
1410,06/11/2025,WARM,Sine,4.5,1.2,11.5,,,2.813,2.738,2.897,2.846
1411,06/11/2025,WARM,Sine,5.0,1.2,11.5,,,2.525,2.439,2.588,2.563
1412,06/11/2025,WARM,Sine,6.0,1.2,11.5,,,2.502,2.449,2.618,2.535
1413,06/11/2025,WARM,Sine,7.0,1.2,11.5,,,2.758,2.697,2.894,2.796
1414,06/11/2025,WARM,Sine,8.0,1.2,11.5,,,2.758,2.695,2.868,2.809
1415,06/11/2025,WARM,Sine,8.5,1.2,11.5,,,2.816,2.750,2.923,2.861
1416,06/11/2025,WARM,Sine,9.0,1.2,11.5,,,2.773,2.680,2.886,2.785
1417,06/11/2025,WARM,Sine,9.5,1.2,11.5,,,2.773,2.692,2.860,2.833
1418,06/11/2025,WARM,Sine,10.0,1.2,11.5,,,2.786,2.682,2.899,2.854
1419,06/11/2025,WARM,Sine,10.5,1.2,11.5,,,2.781,2.696,2.882,2.842
1420,06/11/2025,WARM,Sine,11.0,1.2,11.5,,,2.830,2.739,2.943,2.889
1421,06/11/2025,WARM,Sine,11.5,1.2,11.5,,,2.806,2.728,2.922,2.860
1422,06/11/2025,WARM,Sine,12.0,1.2,11.5,,,2.763,2.688,2.866,2.815
1423,06/11/2025,WARM,Sine,13.0,1.2,11.5,,,2.799,2.733,2.908,2.860
1426,08/12/2025,WARM,Sine,0.0,1.2,11.5,,,2.033,2.094,,
1425,08/12/2025,WARM,Sine,0.0,1.2,11.5,,,1.591,1.670,,
1431,08/12/2025,WARM,Sine,0.0,1.2,11.5,1.900,1.666,,,1.967,2.053
1432,08/12/2025,WARM,Sine,0.0,1.2,11.5,2.925,2.895,2.896,2.817,2.884,2.858
1433,08/12/2025,WARM,Sine,0.0,1.2,11.5,2.693,2.673,2.658,2.606,2.701,2.648
1435,08/12/2025,WARM,Sine,0.0,1.2,11.5,4.274,4.252,2.680,2.640,3.039,2.986
1435,08/12/2025,WARM,Sine,0.0,1.2,11.5,4.274,4.252,2.680,2.640,3.039,2.986
1436,08/12/2025,WARM,Sine,0.0,1.2,11.5,14.886,14.393,2.837,2.910,7.752,7.853
1437,08/12/2025,WARM,Sine,0.0,1.2,11.5,2.672,2.666,2.652,2.609,2.704,2.645
1438,08/12/2025,WARM,Sine,0.0,1.2,11.5,12.839,12.707,3.265,3.262,5.338,5.416
1439,08/12/2025,WARM,Sine,0.0,1.2,11.5,2.869,2.855,3.178,3.232,5.273,5.391
1440,08/12/2025,WARM,Sine,0.0,1.2,11.5,2.767,2.784,3.091,2.995,5.016,5.030
1441,08/12/2025,WARM,Sine,0.0,1.2,11.5,3.353,3.327,3.075,3.014,5.085,5.105
1443,08/12/2025,WARM,Sine,0.0,1.2,11.5,2.592,2.658,2.692,2.488,2.643,2.623
1443,08/12/2025,WARM,Sine,0.0,1.2,11.5,2.592,2.658,2.692,2.488,2.643,2.623
1444,08/12/2025,WARM,Sine,0.0,1.2,11.5,2.770,2.780,3.014,3.054,5.057,5.065
1445,08/12/2025,WARM,Sine,0.0,1.2,11.5,2.926,2.926,2.936,2.871,8.299,8.446
testing script,pyrange[744:747],,,,,,,,,,,
1446,08/13/2025,WARM,Sine,0.0,1.2,11.5,,,1.357,1.426,1.483,1.384
testing script,pyrange[746:749],,,,,,,,,,,
1447,08/13/2025,WARM,Sine,0.0,1.2,11.5,2.627,2.697,2.659,2.588,2.697,2.640
1448,08/13/2025,WARM,Sine,2.0,1.2,11.5,2.752,2.769,2.654,2.627,10.759,10.633
1449,08/13/2025,WARM,Sine,2.5,1.2,11.5,2.824,2.860,2.723,2.697,12.784,12.625
First frequency scan; driving Module 0 (Cable B),pyrange[750:761],,,,,,,,,,,
1450,08/13/2025,WARM,Sine,0.0,1.2,11.5,2.683,2.602,2.698,2.551,2.690,2.656
1451,08/13/2025,WARM,Sine,2.0,1.2,11.5,11.335,11.435,2.387,2.344,6.175,6.096
1452,08/13/2025,WARM,Sine,3.0,1.2,11.5,11.871,11.973,2.412,2.334,7.801,7.771
1453,08/13/2025,WARM,Sine,4.0,1.2,11.5,16.652,16.493,2.456,2.330,8.073,7.946
1454,08/13/2025,WARM,Sine,6.0,1.2,11.5,14.724,16.198,2.680,2.622,6.965,6.900
1455,08/13/2025,WARM,Sine,7.0,1.2,11.5,18.812,15.302,2.765,2.789,6.134,6.155
1456,08/13/2025,WARM,Sine,8.0,1.2,11.5,19.371,8.865,2.791,2.782,5.217,5.257
1457,08/13/2025,WARM,Sine,9.0,1.2,11.5,16.380,16.081,2.730,2.755,4.107,4.186
1458,08/13/2025,WARM,Sine,10.0,1.2,11.5,19.212,16.578,2.880,2.967,5.537,5.559
1459,08/13/2025,WARM,Sine,11.0,1.2,11.5,15.579,15.332,2.813,2.871,4.543,4.585
1460,08/13/2025,WARM,Sine,13.0,1.2,11.5,8.895,8.867,2.772,2.824,3.670,3.688
1461,08/13/2025,WARM,Sine,0.0,1.2,11.5,2.679,2.668,2.658,2.595,2.722,2.648
1462,08/13/2025,WARM,Sine,0.0,1.2,11.5,12.227,12.037,3.254,3.268,4.858,4.910
1463,08/13/2025,WARM,Sine,0.0,1.2,11.5,11.669,11.494,3.342,3.296,4.921,5.095
changed bias voltage to 100 v on 0 and 1,pyrange[765:776],,,,,,,,,,,
1464,08/13/2025,WARM,Sine,0.0,1.2,11.5,3.053,3.049,3.118,3.030,2.684,2.649
1465,08/13/2025,WARM,Sine,2.0,1.2,11.5,3.191,3.126,3.172,3.173,6.285,6.203
1466,08/13/2025,WARM,Sine,3.0,1.2,11.5,3.257,3.173,3.405,3.327,7.727,7.620
1467,08/13/2025,WARM,Sine,4.0,1.2,11.5,3.202,3.101,3.426,3.507,7.725,7.670
1468,08/13/2025,WARM,Sine,6.0,1.2,11.5,3.123,3.102,3.529,3.506,6.302,6.356
1469,08/13/2025,WARM,Sine,7.0,1.2,11.5,3.073,3.025,3.484,3.427,5.525,5.510
1470,08/13/2025,WARM,Sine,8.0,1.2,11.5,3.003,3.004,3.379,3.382,4.682,4.703
1471,08/13/2025,WARM,Sine,9.0,1.2,11.5,3.021,2.956,3.326,3.238,3.780,3.989
1472,08/13/2025,WARM,Sine,10.0,1.2,11.5,2.905,2.864,3.500,3.385,4.704,4.758
1473,08/13/2025,WARM,Sine,11.0,1.2,11.5,2.916,2.874,3.321,3.250,3.918,3.942
1474,08/13/2025,WARM,Sine,13.0,1.2,11.5,2.969,2.884,3.213,3.158,3.271,3.294
changed module 0 back to 300,1 is at 100 and 2 is at 300 (not changed from previous run,pyrange[777:788],,,,,,,,,,
1475,08/13/2025,WARM,Sine,0.0,1.2,11.5,2.625,2.654,2.987,2.916,2.670,2.646
1476,08/13/2025,WARM,Sine,2.0,1.2,11.5,2.733,2.731,3.079,3.048,6.287,6.199
1477,08/13/2025,WARM,Sine,3.0,1.2,11.5,2.759,2.733,3.205,3.258,7.663,7.621
1478,08/13/2025,WARM,Sine,4.0,1.2,11.5,2.750,2.743,3.333,3.353,7.728,7.684
1479,08/13/2025,WARM,Sine,6.0,1.2,11.5,2.732,2.746,3.487,3.394,6.354,6.353
1480,08/13/2025,WARM,Sine,7.0,1.2,11.5,2.677,2.681,3.345,3.334,5.507,5.498
1481,08/13/2025,WARM,Sine,8.0,1.2,11.5,2.680,2.650,3.349,3.294,4.775,4.807
1482,08/13/2025,WARM,Sine,9.0,1.2,11.5,2.648,2.660,3.222,3.112,3.937,3.881
1483,08/13/2025,WARM,Sine,10.0,1.2,11.5,2.510,2.522,3.338,3.308,4.637,4.721
1484,08/13/2025,WARM,Sine,11.0,1.2,11.5,2.563,2.591,3.197,3.148,3.938,3.944
1485,08/13/2025,WARM,Sine,13.0,1.2,11.5,2.639,2.615,3.167,3.051,3.287,3.314
changed module 0 to 100, module 1 to 300, module 2 remains at 300,pyrange[789:800],,,,,,,,,
1486,08/13/2025,WARM,Sine,0.0,1.2,11.5,3.026,3.005,2.666,2.600,2.698,2.647
1487,08/13/2025,WARM,Sine,2.0,1.2,11.5,3.173,3.096,2.701,2.676,6.170,6.099
1488,08/13/2025,WARM,Sine,3.0,1.2,11.5,3.176,3.092,2.753,2.767,7.646,7.538
1489,08/13/2025,WARM,Sine,4.0,1.2,11.5,3.193,3.050,2.851,2.836,7.712,7.692
1490,08/13/2025,WARM,Sine,6.0,1.2,11.5,3.164,3.067,2.994,2.945,6.476,6.434
1491,08/13/2025,WARM,Sine,7.0,1.2,11.5,3.170,3.106,3.030,2.988,5.621,5.634
1492,08/13/2025,WARM,Sine,8.0,1.2,11.5,2.764,2.696,2.946,2.930,4.857,4.880
1493,08/13/2025,WARM,Sine,9.0,1.2,11.5,2.722,2.724,2.876,2.817,3.894,3.958
1494,08/13/2025,WARM,Sine,10.0,1.2,11.5,2.756,2.725,3.094,2.968,4.912,4.916
1495,08/13/2025,WARM,Sine,11.0,1.2,11.5,2.813,2.768,3.079,3.024,4.112,4.167
1496,08/13/2025,WARM,Sine,13.0,1.2,11.5,2.752,2.710,2.925,2.758,3.422,3.420
all modules set to 250V,pyrange[801:812],,,,,,,,,,,
1497,08/13/2025,WARM,Sine,0.0,1.2,11.5,2.655,2.708,2.685,2.607,2.699,2.669
1498,08/13/2025,WARM,Sine,2.0,1.2,11.5,2.733,2.764,2.708,2.702,6.156,6.069
1499,08/13/2025,WARM,Sine,3.0,1.2,11.5,2.760,2.790,2.755,2.785,7.512,7.494
1500,08/13/2025,WARM,Sine,4.0,1.2,11.5,2.776,2.745,2.814,2.817,7.582,7.557
1501,08/13/2025,WARM,Sine,6.0,1.2,11.5,2.818,2.771,3.002,2.960,6.412,6.395
1502,08/13/2025,WARM,Sine,7.0,1.2,11.5,2.801,2.758,2.992,2.961,5.708,5.696
1503,08/13/2025,WARM,Sine,8.0,1.2,11.5,2.778,2.750,2.962,2.920,4.835,4.785
1504,08/13/2025,WARM,Sine,9.0,1.2,11.5,2.743,2.724,2.872,2.822,3.975,3.866
1505,08/13/2025,WARM,Sine,10.0,1.2,11.5,2.757,2.721,3.036,2.994,4.757,4.804
1506,08/13/2025,WARM,Sine,11.0,1.2,11.5,2.748,2.767,2.972,2.880,3.969,4.052
1507,08/13/2025,WARM,Sine,13.0,1.2,11.5,2.820,2.788,2.980,2.853,3.472,3.478
250V all modules; added copper to bottom screw on Mod 2 shorting it to ground,pyrange[813:824],,,,,,,,,,,
250V all modules; added copper to bottom screw on Mod 2 shorting it to ground,pyrange[814:825],,,,,,,,,,,
added copper tape,pyrange[815:826],,,,,,,,,,,
1509,08/13/2025,WARM,Sine,0.0,1.2,11.5,2.694,2.662,,,2.675,2.681
1510,08/13/2025,WARM,Sine,2.0,1.2,11.5,1.472,3.182,,,4.649,4.563
1511,08/13/2025,WARM,Sine,3.0,1.2,11.5,19.054,18.165,,,6.221,6.168
1512,08/13/2025,WARM,Sine,4.0,1.2,11.5,17.381,15.557,,,6.987,6.932
1513,08/13/2025,WARM,Sine,6.0,1.2,11.5,18.672,15.379,,,6.108,6.043
1514,08/13/2025,WARM,Sine,7.0,1.2,11.5,18.348,17.556,,,5.192,5.231
1515,08/13/2025,WARM,Sine,8.0,1.2,11.5,14.916,14.356,,,4.834,4.911
1516,08/13/2025,WARM,Sine,9.0,1.2,11.5,11.302,10.854,,,4.101,4.138
1517,08/13/2025,WARM,Sine,10.0,1.2,11.5,9.441,9.114,,,4.064,4.106
1518,08/13/2025,WARM,Sine,11.0,1.2,11.5,7.337,7.144,,,3.489,3.479
1519,08/13/2025,WARM,Sine,13.0,1.2,11.5,5.432,5.550,,,3.259,3.288
reduced voltage to 100,pyrange[827:838],,,,,,,,,,,
1520,08/13/2025,WARM,Sine,0.0,1.2,11.5,3.026,2.972,,,2.700,2.656
1521,08/13/2025,WARM,Sine,2.0,1.2,11.5,17.994,17.670,,,4.379,4.317
1522,08/13/2025,WARM,Sine,3.0,1.2,11.5,19.611,18.144,,,5.880,5.878
1523,08/13/2025,WARM,Sine,4.0,1.2,11.5,14.918,14.023,,,6.540,6.508
1524,08/13/2025,WARM,Sine,6.0,1.2,11.5,18.511,15.927,,,5.978,5.987
1525,08/13/2025,WARM,Sine,7.0,1.2,11.5,18.125,17.425,,,5.248,5.268
1526,08/13/2025,WARM,Sine,8.0,1.2,11.5,14.709,14.264,,,4.889,4.930
1527,08/13/2025,WARM,Sine,9.0,1.2,11.5,11.057,10.790,,,4.056,4.078
1528,08/13/2025,WARM,Sine,10.0,1.2,11.5,9.213,9.031,,,4.027,4.104
1529,08/13/2025,WARM,Sine,11.0,1.2,11.5,7.222,7.122,,,3.653,3.684
1530,08/13/2025,WARM,Sine,13.0,1.2,11.5,5.253,5.371,,,3.281,3.272
noise still present so power cycled everything,pyrange[839:850],,,,,,,,,,,
1531,08/13/2025,WARM,Sine,0.0,1.2,11.5,2.965,2.917,,,2.690,2.650
1532,08/13/2025,WARM,Sine,2.0,1.2,11.5,18.355,17.534,,,4.619,4.526
1533,08/13/2025,WARM,Sine,3.0,1.2,11.5,19.697,18.006,,,6.497,6.449
1534,08/13/2025,WARM,Sine,4.0,1.2,11.5,15.515,14.450,,,7.145,7.118
1535,08/13/2025,WARM,Sine,6.0,1.2,11.5,18.433,16.240,,,6.007,6.027
1536,08/13/2025,WARM,Sine,7.0,1.2,11.5,18.558,18.337,,,5.254,5.282
1537,08/13/2025,WARM,Sine,8.0,1.2,11.5,13.817,13.579,,,4.450,4.488
1538,08/13/2025,WARM,Sine,9.0,1.2,11.5,11.986,11.820,,,4.098,4.142
1539,08/13/2025,WARM,Sine,10.0,1.2,11.5,9.951,9.856,,,4.121,4.053
1540,08/13/2025,WARM,Sine,11.0,1.2,11.5,7.798,7.727,,,3.599,3.604
1541,08/13/2025,WARM,Sine,13.0,1.2,11.5,5.896,5.831,,,3.304,3.260
opened box and allowed to cool down slightly,pyrange[851:862],,,,,,,,,,,
1542,08/13/2025,WARM,Sine,0.0,1.2,11.5,3.260,3.271,,,2.678,2.649
1543,08/13/2025,WARM,Sine,2.0,1.2,11.5,15.802,16.319,,,10.403,10.329
turned off all other channels,pyrange[854:865],,,,,,,,,,,
1544,08/13/2025,WARM,Sine,0.0,1.2,11.5,2.667,2.665,,,2.713,2.675
1545,08/13/2025,WARM,Sine,2.0,1.2,11.5,4.623,3.852,,,6.869,6.800
1546,08/13/2025,WARM,Sine,3.0,1.2,11.5,19.103,18.238,,,6.298,6.243
1548,08/14/2025,WARM,Sine,0.0,1.2,11.5,2.685,2.640,2.590,2.678,2.704,2.654
First run of 8_14_25; replaced pigtail on Mod 1; added ground wire to Mod 2,pyrange[859:870],,,,,,,,,,,
First run of 8_14_25; replaced pigtail on Mod 1; added ground wire to Mod 2,pyrange[860:871],,,,,,,,,,,
First run of 8_14_25; replaced pigtail on Mod 1; added ground wire to Mod 2,pyrange[861:872],,,,,,,,,,,
First run of 8_14_25; replaced pigtail on Mod 1; added ground wire to Mod 2,pyrange[862:873],,,,,,,,,,,
First run of 8_14_25; replaced pigtail on Mod 1; added ground wire to Mod 2,pyrange[863:874],,,,,,,,,,,
1549,08/14/2025,WARM,Sine,0.0,1.2,11.5,2.676,2.650,2.708,2.555,2.734,2.636
1550,08/14/2025,WARM,Sine,2.0,1.2,11.5,19.301,17.736,2.388,2.409,2.468,2.350
Driving module 1 (cable C); turned off HV on module 0,pyrange[866:877],,,,,,,,,,,
1552,08/14/2025,WARM,Sine,0.0,1.2,11.5,4.245,3.614,2.668,2.618,2.709,2.665
Driving module 01; Amplitude scan (0.1V Vpp),pyrange[868:870],,,,,,,,,,,
1555,08/14/2025,WARM,Sine,0.0,0.1,11.5,2.658,2.657,2.665,2.600,2.698,2.652
1556,08/14/2025,WARM,Sine,2.0,0.1,11.5,5.822,5.707,2.654,2.613,2.714,2.654
Driving module 01; Amplitude scan (0.2V Vpp),pyrange[871:873],,,,,,,,,,,
1557,08/14/2025,WARM,Sine,0.0,0.1,11.5,2.688,2.640,2.688,2.592,2.715,2.644
1558,08/14/2025,WARM,Sine,2.0,0.1,11.5,10.454,10.279,2.704,2.588,2.715,2.661
Driving module 01; Amplitude scan (0.05V Vpp),pyrange[874:876],,,,,,,,,,,
1559,08/14/2025,WARM,Sine,0.0,0.1,11.5,2.746,2.721,2.737,2.685,2.794,2.716
1560,08/14/2025,WARM,Sine,2.0,0.1,11.5,3.769,3.736,2.673,2.611,2.713,2.647
Replaced pigtail on Module 0; 1V vpp,pyrange[877:888],,,,,,,,,,,
1561,08/14/2025,WARM,Sine,0.0,1.0,11.5,2.679,2.636,2.687,2.600,2.686,2.632
1562,08/14/2025,WARM,Sine,2.0,1.0,11.5,19.776,10.570,2.609,2.633,2.561,2.528
1563,08/14/2025,WARM,Sine,3.0,1.0,11.5,19.654,10.941,2.732,2.783,2.714,2.651
1564,08/14/2025,WARM,Sine,4.0,1.0,11.5,17.201,8.421,2.893,2.799,2.728,2.659
Removed jumpers on patch panel; grounds should be untethered to one another,pyrange[882:884],,,,,,,,,,,
1565,08/14/2025,WARM,Sine,0.0,1.0,11.5,2.749,2.703,2.711,2.658,2.738,2.717
1566,08/14/2025,WARM,Sine,2.0,1.0,11.5,19.656,10.809,2.609,2.598,2.601,2.595
Driving module 1; added grounding jumper to Mod 0,pyrange[885:887],,,,,,,,,,,
1567,08/14/2025,WARM,Sine,0.0,1.0,11.5,2.685,2.645,2.655,2.601,2.678,2.655
1568,08/14/2025,WARM,Sine,2.0,1.0,11.5,2.767,2.677,2.715,2.719,2.722,2.699
Driving module 1,pyrange[888:899],,,,,,,,,,,
1569,08/14/2025,WARM,Sine,0.0,1.0,11.5,2.695,2.633,2.686,2.583,2.691,2.655
1570,08/14/2025,WARM,Sine,2.0,1.0,11.5,2.693,2.629,2.741,2.775,2.700,2.647
1571,08/14/2025,WARM,Sine,3.0,1.0,11.5,2.695,2.626,2.790,2.844,2.732,2.648
1572,08/14/2025,WARM,Sine,4.0,1.0,11.5,2.703,2.624,2.915,2.875,2.757,2.676
1573,08/14/2025,WARM,Sine,6.0,1.0,11.5,2.765,2.716,3.026,2.963,2.836,2.757
1574,08/14/2025,WARM,Sine,7.0,1.0,11.5,2.695,2.620,2.914,2.820,2.751,2.695
1575,08/14/2025,WARM,Sine,8.0,1.0,11.5,2.678,2.612,2.983,2.822,2.671,2.603
1576,08/14/2025,WARM,Sine,9.0,1.0,11.5,2.684,2.588,2.949,2.718,2.722,2.645
1577,08/14/2025,WARM,Sine,10.0,1.0,11.5,2.660,2.553,3.012,2.950,2.692,2.563
1578,08/14/2025,WARM,Sine,11.0,1.0,11.5,2.694,2.584,3.001,2.782,2.690,2.632
1579,08/14/2025,WARM,Sine,13.0,1.0,11.5,2.713,2.585,2.866,2.833,2.694,2.652
Driving modules 0 and 1,pyrange[900:911],,,,,,,,,,,
1580,08/14/2025,WARM,Sine,0.0,1.0,11.5,2.709,2.613,2.689,2.580,2.703,2.652
1581,08/14/2025,WARM,Sine,2.0,1.0,11.5,2.680,2.610,2.677,2.616,2.664,2.651
1582,08/14/2025,WARM,Sine,3.0,1.0,11.5,2.712,2.574,2.687,2.609,2.719,2.647
1583,08/14/2025,WARM,Sine,4.0,1.0,11.5,2.830,2.736,2.864,2.733,2.887,2.791
1584,08/14/2025,WARM,Sine,6.0,1.0,11.5,2.770,2.636,2.824,2.685,2.835,2.727
1585,08/14/2025,WARM,Sine,7.0,1.0,11.5,2.739,2.634,2.877,2.722,2.825,2.737
1586,08/14/2025,WARM,Sine,8.0,1.0,11.5,2.791,2.648,2.793,2.631,2.874,2.782
1587,08/14/2025,WARM,Sine,9.0,1.0,11.5,2.762,2.652,2.798,2.610,2.840,2.745
1588,08/14/2025,WARM,Sine,10.0,1.0,11.5,3.001,2.754,3.023,2.765,2.981,2.930
1589,08/14/2025,WARM,Sine,11.0,1.0,11.5,2.916,2.777,2.945,2.791,2.960,2.922
1590,08/14/2025,WARM,Sine,13.0,1.0,11.5,2.846,2.675,2.842,2.600,2.809,2.802
Driving modules 2,pyrange[912:923],,,,,,,,,,,
1591,08/14/2025,WARM,Sine,0.0,1.0,11.5,2.758,2.618,2.701,2.589,2.703,2.656
1592,08/14/2025,WARM,Sine,2.0,1.0,11.5,2.744,2.629,2.702,2.634,2.709,2.651
1593,08/14/2025,WARM,Sine,3.0,1.0,11.5,2.806,2.625,2.702,2.671,2.740,2.666
1594,08/14/2025,WARM,Sine,4.0,1.0,11.5,2.816,2.653,2.771,2.709,2.804,2.665
1595,08/14/2025,WARM,Sine,6.0,1.0,11.5,2.825,2.664,2.778,2.764,2.866,2.693
1596,08/14/2025,WARM,Sine,7.0,1.0,11.5,2.814,2.682,2.817,2.813,2.812,2.674
1597,08/14/2025,WARM,Sine,8.0,1.0,11.5,3.036,2.816,2.768,2.669,2.897,2.709
1598,08/14/2025,WARM,Sine,9.0,1.0,11.5,2.892,2.718,2.715,2.717,2.883,2.686
1599,08/14/2025,WARM,Sine,10.0,1.0,11.5,3.020,2.846,2.869,2.831,3.032,2.791
1600,08/14/2025,WARM,Sine,11.0,1.0,11.5,2.912,2.745,2.754,2.783,2.923,2.716
1601,08/14/2025,WARM,Sine,13.0,1.0,11.5,2.878,2.733,2.723,2.750,2.892,2.682
Driving module 1, cable B with 1 volt,pyrange[924:935],,,,,,,,,,
Driving module 1, cable B with 1 volt,pyrange[925:936],,,,,,,,,,
Driving module 1, cable B with 1 volt,pyrange[926:937],,,,,,,,,,
Driving module 1 cable B with 1 volt,pyrange[927:938],,,,,,,,,,,
Driving module 1 cable B with 1 volt,pyrange[928:939],,,,,,,,,,,
Driving module 1 cable B with 1 volt,pyrange[929:940],,,,,,,,,,,
1602,08/14/2025,WARM,Sine,0.0,1.0,11.5,2.766,2.610,2.709,2.576,2.713,2.655
1603,08/14/2025,WARM,Sine,2.0,1.0,11.5,2.821,2.617,2.709,2.633,2.693,2.661
1604,08/14/2025,WARM,Sine,3.0,1.0,11.5,2.975,2.671,2.759,2.684,2.739,2.694
1605,08/14/2025,WARM,Sine,4.0,1.0,11.5,2.967,2.735,2.752,2.665,2.716,2.671
1606,08/14/2025,WARM,Sine,6.0,1.0,11.5,3.087,2.788,2.730,2.687,2.747,2.649
1607,08/14/2025,WARM,Sine,7.0,1.0,11.5,2.957,2.698,2.723,2.668,2.729,2.682
1608,08/14/2025,WARM,Sine,8.0,1.0,11.5,3.552,3.013,2.822,2.830,2.772,2.705
1609,08/14/2025,WARM,Sine,9.0,1.0,11.5,3.129,2.796,2.818,2.780,2.767,2.708
1610,08/14/2025,WARM,Sine,10.0,1.0,11.5,3.566,3.010,2.838,2.812,2.764,2.711
1611,08/14/2025,WARM,Sine,11.0,1.0,11.5,3.237,2.819,2.793,2.768,2.725,2.684
1612,08/14/2025,WARM,Sine,13.0,1.0,11.5,3.112,2.729,2.826,2.821,2.812,2.739
